outcome_id,study_id,population_id,contrast_id,condition_id,timing_level,modifier,analyte,domain,metric,auc_definition,window_min,timepoint_min,result_form,n,value,dispersion_type,dispersion_value,ci_low,ci_high,p_value,units_original,direction,comparator,data_status,source_provenance,notes
O0001,Bandin_2015,Bandin_2015_all,Bandin_lunch,Bandin_early,earlier,,glucose,glucose_auc,AUC above baseline,above baseline,150,,condition_summary,10,70,SD,32.9,,,,mmol/L×h (as printed),,,reported_text,Bandin_2015_primary; PDF p13; Results,Absolute scale/unit label requires QA.
O0002,Bandin_2015,Bandin_2015_all,Bandin_lunch,Bandin_late,later,,glucose,glucose_auc,AUC above baseline,above baseline,150,,condition_summary,10,102.6,SD,30.8,,,,mmol/L×h (as printed),,,reported_text,Bandin_2015_primary; PDF p13; Results,Absolute scale/unit label requires QA.
O0003,Bandin_2015,Bandin_2015_all,Bandin_lunch,,,,glucose,glucose_auc,mean difference,above baseline,150,,within_person_contrast,10,32.6,SE,7.587,,,0.002,mmol/L×h (as printed),later minus earlier,,derived,Bandin_2015_primary; PDF p13; Results,SE derived from exact two-sided paired t-test p; see Derivations.
O0004,Bo_2015,Bo_2015_all,Bo_daypart,,,,glucose,glucose_auc,adjusted mean difference,reported AUC,180,,model_contrast,20,-1800.1,95% CI,,-2564.1,-1036,<0.001,mg/dL×h (as printed),morning minus evening,,reported_table,Bo_2015_primary; PDF p24; Table 2,Condition means are figure-only; reported adjusted contrast retained.
O0005,Bo_2015,Bo_2015_all,Bo_daypart,,,,insulin,insulin_auc,difference in log AUC,reported AUC,180,,model_contrast,20,-0.19,95% CI,,-0.3,-0.07,0.001,log scale,morning minus evening,,reported_table,Bo_2015_primary; PDF p24; Table 2,
O0006,Bo_2015,Bo_2015_all,Bo_daypart,,,,insulin,insulin_auc,AUC ratio,reported AUC,180,,ratio,20,0.83,95% CI,,0.74,0.93,0.001,ratio,morning/evening,,reported_table,Bo_2015_primary; PDF p24; Table 2,
O0007,Bravo_Garcia_2024,Bravo_Garcia_2024_T2D,Bravo_nonexercise,,,nonexercise; adherent,glucose,cgm_postprandial,CGM glucose iAUC difference,incremental,120,,within_person_contrast,11,-57,,,,,<0.002,mmol/L×2h (as printed),mid minus early,,reported_text,Bravo_Garcia_2024; PDF pp5–6; Results,No usable contrast precision reported.
O0008,Bravo_Garcia_2024,Bravo_Garcia_2024_T2D,Bravo_nonexercise,,,nonexercise; adherent,glucose,cgm_postprandial,CGM glucose iAUC difference,incremental,120,,within_person_contrast,11,-41,,,,,<0.02,mmol/L×2h (as printed),delayed minus early,,reported_text,Bravo_Garcia_2024; PDF pp5–6; Results,No usable contrast precision reported.
O0009,Bravo_Garcia_2024,Bravo_Garcia_2024_T2D,Bravo_exercise,,early,postmeal walking,glucose,cgm_postprandial,standardized exercise effect,,120,,model_contrast,10,0.35,95% CI,,-0.62,1.33,,standardized mean difference,exercise minus nonexercise,,reported_table,Bravo_Garcia_2024; PDF p7; exercise analysis,
O0010,Bravo_Garcia_2024,Bravo_Garcia_2024_T2D,Bravo_exercise,,mid,postmeal walking,glucose,cgm_postprandial,standardized exercise effect,,120,,model_contrast,10,-0.5,95% CI,,-1.46,0.44,,standardized mean difference,exercise minus nonexercise,,reported_table,Bravo_Garcia_2024; PDF p7; exercise analysis,
O0011,Bravo_Garcia_2024,Bravo_Garcia_2024_T2D,Bravo_exercise,,delayed,postmeal walking,glucose,cgm_postprandial,standardized exercise effect,,120,,model_contrast,10,0.37,95% CI,,-0.54,1.3,,standardized mean difference,exercise minus nonexercise,,reported_table,Bravo_Garcia_2024; PDF p7; exercise analysis,
O0012,Enomoto_2026,Enomoto_2026_all,Enomoto_day1,Enomoto_5h,earlier,day 1,glucose,cgm_postprandial,dinner glucose iAUC,incremental,180,,condition_summary,13,5499.23,SD,2723.08,,,,mg/dL×min,,,reported_table,Enomoto_2026; PDF p7; Table 3,
O0013,Enomoto_2026,Enomoto_2026_all,Enomoto_day1,Enomoto_1h,later,day 1,glucose,cgm_postprandial,dinner glucose iAUC,incremental,180,,condition_summary,13,7050,SD,1619.51,,,,mg/dL×min,,,reported_table,Enomoto_2026; PDF p7; Table 3,
O0014,Enomoto_2026,Enomoto_2026_all,Enomoto_day2,Enomoto_5h,earlier,day 2,glucose,cgm_postprandial,dinner glucose iAUC,incremental,180,,condition_summary,13,6006.92,SD,2524.4,,,,mg/dL×min,,,reported_table,Enomoto_2026; PDF p7; Table 3,
O0015,Enomoto_2026,Enomoto_2026_all,Enomoto_day2,Enomoto_1h,later,day 2,glucose,cgm_postprandial,dinner glucose iAUC,incremental,180,,condition_summary,13,6605.77,SD,1754.07,,,,mg/dL×min,,,reported_table,Enomoto_2026; PDF p7; Table 3,
O0016,Enomoto_2026,Enomoto_2026_all,Enomoto_day3,Enomoto_5h,earlier,day 3,glucose,cgm_postprandial,dinner glucose iAUC,incremental,180,,condition_summary,13,6310.38,SD,2586.74,,,,mg/dL×min,,,reported_table,Enomoto_2026; PDF p7; Table 3,
O0017,Enomoto_2026,Enomoto_2026_all,Enomoto_day3,Enomoto_1h,later,day 3,glucose,cgm_postprandial,dinner glucose iAUC,incremental,180,,condition_summary,13,5102.31,SD,1348.26,,,,mg/dL×min,,,reported_table,Enomoto_2026; PDF p7; Table 3,
O0018,Enomoto_2026,Enomoto_2026_all,Enomoto_day4,Enomoto_5h,earlier,day 4,glucose,cgm_postprandial,dinner glucose iAUC,incremental,180,,condition_summary,13,5158.85,SD,3014.37,,,,mg/dL×min,,,reported_table,Enomoto_2026; PDF p7; Table 3,
O0019,Enomoto_2026,Enomoto_2026_all,Enomoto_day4,Enomoto_1h,later,day 4,glucose,cgm_postprandial,dinner glucose iAUC,incremental,180,,condition_summary,13,5101.15,SD,1477.88,,,,mg/dL×min,,,reported_table,Enomoto_2026; PDF p7; Table 3,
O0020,Enomoto_2026,Enomoto_2026_all,Enomoto_nextday_OGTT,Enomoto_5h,earlier,next-day OGTT,glucose,glucose_auc,OGTT iAUC,incremental,120,,condition_summary,13,7879.5,SD,3203.47,,,0.263,mg/dL×min,,,reported_table,Enomoto_2026_primary; PDF p7; Table 4,Next-day supportive outcome; p=0.263.
O0021,Enomoto_2026,Enomoto_2026_all,Enomoto_nextday_OGTT,Enomoto_1h,later,next-day OGTT,glucose,glucose_auc,OGTT iAUC,incremental,120,,condition_summary,13,6844.5,SD,1746.23,,,0.263,mg/dL×min,,,reported_table,Enomoto_2026_primary; PDF p7; Table 4,Next-day supportive outcome; p=0.263.
O0260,Enomoto_2026,Enomoto_2026_all,Enomoto_day1,,,day 1,glucose,cgm_postprandial,dinner glucose iAUC paired difference,incremental,180,,within_person_contrast,13,1550.76923,SD (paired difference),2277.37133,174.56751,2926.97095,0.03,mg/dL×min,1 h before bedtime minus 5 h before bedtime,,author_provided,"Enomoto author-supplied aggregate statistics, 2026-08-31; meta_analysis/data/author_provided/Enomoto_2026/ttest_iAUC_1h5h.csv","Author-provided paired t-test: SE=631.62916; t=2.455; df=12. Day 2 is primary; Days 1, 3, and 4 are sensitivity analyses."
O0261,Enomoto_2026,Enomoto_2026_all,Enomoto_day2,,,day 2,glucose,cgm_postprandial,dinner glucose iAUC paired difference,incremental,180,,within_person_contrast,13,598.84615,SD (paired difference),2662.0842,-1009.83523,2207.52754,0.433,mg/dL×min,1 h before bedtime minus 5 h before bedtime,,author_provided,"Enomoto author-supplied aggregate statistics, 2026-08-31; meta_analysis/data/author_provided/Enomoto_2026/ttest_iAUC_1h5h.csv","Author-provided paired t-test: SE=738.32932; t=0.811; df=12. Day 2 is primary; Days 1, 3, and 4 are sensitivity analyses."
O0262,Enomoto_2026,Enomoto_2026_all,Enomoto_day3,,,day 3,glucose,cgm_postprandial,dinner glucose iAUC paired difference,incremental,180,,within_person_contrast,13,-1208.07692,SD (paired difference),2318.52821,-2609.1495,192.99565,0.085,mg/dL×min,1 h before bedtime minus 5 h before bedtime,,author_provided,"Enomoto author-supplied aggregate statistics, 2026-08-31; meta_analysis/data/author_provided/Enomoto_2026/ttest_iAUC_1h5h.csv","Author-provided paired t-test: SE=643.04403; t=-1.879; df=12. Day 2 is primary; Days 1, 3, and 4 are sensitivity analyses."
O0263,Enomoto_2026,Enomoto_2026_all,Enomoto_day4,,,day 4,glucose,cgm_postprandial,dinner glucose iAUC paired difference,incremental,180,,within_person_contrast,13,-57.69231,SD (paired difference),3265.46616,-2030.99376,1915.60914,0.95,mg/dL×min,1 h before bedtime minus 5 h before bedtime,,author_provided,"Enomoto author-supplied aggregate statistics, 2026-08-31; meta_analysis/data/author_provided/Enomoto_2026/ttest_iAUC_1h5h.csv","Author-provided paired t-test: SE=905.67736; t=-0.064; df=12. Day 2 is primary; Days 1, 3, and 4 are sensitivity analyses."
O0022,Garaulet_2022,Garaulet_2022_all,Garaulet_OGTT,Garaulet_early,earlier,,glucose,glucose_auc,120-min glucose AUC,incremental,120,,condition_summary,845,276,SEM,1.5,,,,mg×h/dL,,,graph_digitized,Garaulet_2022; PDF p3; Figure 1B,Approximate bar/SEM digitization; values rounded to graph resolution.
O0023,Garaulet_2022,Garaulet_2022_all,Garaulet_OGTT,Garaulet_late,later,,glucose,glucose_auc,120-min glucose AUC,incremental,120,,condition_summary,845,299,SEM,1.5,,,,mg×h/dL,,,graph_digitized,Garaulet_2022; PDF p3; Figure 1B,Approximate bar/SEM digitization; values rounded to graph resolution.
O0024,Garaulet_2022,Garaulet_2022_all,Garaulet_OGTT,Garaulet_early,earlier,,insulin,insulin_auc,120-min insulin AUC,incremental,120,,condition_summary,845,98,SEM,1.8,,,,µU×h/mL,,,graph_digitized,Garaulet_2022; PDF p3; Figure 1D,Approximate bar/SEM digitization; values rounded to graph resolution.
O0025,Garaulet_2022,Garaulet_2022_all,Garaulet_OGTT,Garaulet_late,later,,insulin,insulin_auc,120-min insulin AUC,incremental,120,,condition_summary,845,91.5,SEM,1.8,,,,µU×h/mL,,,graph_digitized,Garaulet_2022; PDF p3; Figure 1D,Approximate bar/SEM digitization; values rounded to graph resolution.
O0026,Garaulet_2022,Garaulet_2022_all,Garaulet_OGTT,,,,glucose,glucose_auc,relative difference,incremental,120,,within_person_contrast,845,8.3,,,,,<0.0001,percent,late versus early,,reported_text,Garaulet_2022; PDF p4; Results,
O0027,Garaulet_2022,Garaulet_2022_all,Garaulet_OGTT,,,,insulin,insulin_auc,relative difference,incremental,120,,within_person_contrast,845,-6.7,,,,,<0.0001,percent,late versus early,,reported_text,Garaulet_2022; PDF p4; Results,
O0028,Gibbs_2014,Gibbs_2014_all,Gibbs_low,Gibbs_low_AM,earlier,low GI,glucose,glucose_auc,glucose iAUC,incremental,120,,condition_summary,10,142,SEM,26,,,<0.001,mmol/L·h (as printed),,,reported_figure,Gibbs_2014_primary; PDF p4; Figure 2 numeric labels and Results,Unit label/scale requires QA.
O0029,Gibbs_2014,Gibbs_2014_all,Gibbs_low,Gibbs_low_AM,earlier,low GI,glucose,peak_glucose,peak glucose,,,,condition_summary,10,7.83,SEM,0.42,,,,mmol/L,,,reported_table,Gibbs_2014; PDF p3; Table 2,
O0030,Gibbs_2014,Gibbs_2014_all,Gibbs_low,Gibbs_low_AM,earlier,low GI,glucose,timed_glucose,glucose at 120 min,,,120,condition_summary,10,4.92,SEM,0.29,,,,mmol/L,,,reported_table,Gibbs_2014; PDF p3; Table 2,
O0031,Gibbs_2014,Gibbs_2014_all,Gibbs_low,Gibbs_low_AM,earlier,low GI,insulin,insulin_auc,insulin iAUC,incremental,120,,condition_summary,9,1356,SEM,410,,,,pmol/L·h,,,reported_figure,Gibbs_2014_primary; PDF p4; Figure 2 numeric labels and Results,
O0032,Gibbs_2014,Gibbs_2014_all,Gibbs_low,Gibbs_low_PM,later,low GI,glucose,glucose_auc,glucose iAUC,incremental,120,,condition_summary,10,309,SEM,26,,,<0.001,mmol/L·h (as printed),,,reported_figure,Gibbs_2014_primary; PDF p4; Figure 2 numeric labels and Results,Unit label/scale requires QA.
O0033,Gibbs_2014,Gibbs_2014_all,Gibbs_low,Gibbs_low_PM,later,low GI,glucose,peak_glucose,peak glucose,,,,condition_summary,10,8.3,SEM,0.22,,,,mmol/L,,,reported_table,Gibbs_2014; PDF p3; Table 2,
O0034,Gibbs_2014,Gibbs_2014_all,Gibbs_low,Gibbs_low_PM,later,low GI,glucose,timed_glucose,glucose at 120 min,,,120,condition_summary,10,6.74,SEM,0.3,,,,mmol/L,,,reported_table,Gibbs_2014; PDF p3; Table 2,
O0035,Gibbs_2014,Gibbs_2014_all,Gibbs_low,Gibbs_low_PM,later,low GI,insulin,insulin_auc,insulin iAUC,incremental,120,,condition_summary,9,1077,SEM,616,,,,pmol/L·h,,,reported_figure,Gibbs_2014_primary; PDF p4; Figure 2 numeric labels and Results,
O0036,Gibbs_2014,Gibbs_2014_all,Gibbs_high,Gibbs_high_AM,earlier,high GI,glucose,glucose_auc,glucose iAUC,incremental,120,,condition_summary,10,218,SEM,33,,,0.003,mmol/L·h (as printed),,,reported_figure,Gibbs_2014_primary; PDF p4; Figure 2 numeric labels and Results,Unit label/scale requires QA.
O0037,Gibbs_2014,Gibbs_2014_all,Gibbs_high,Gibbs_high_AM,earlier,high GI,glucose,peak_glucose,peak glucose,,,,condition_summary,10,7.8,SEM,0.48,,,,mmol/L,,,reported_table,Gibbs_2014; PDF p3; Table 2,
O0038,Gibbs_2014,Gibbs_2014_all,Gibbs_high,Gibbs_high_AM,earlier,high GI,glucose,timed_glucose,glucose at 120 min,,,120,condition_summary,10,4.83,SEM,0.24,,,,mmol/L,,,reported_table,Gibbs_2014; PDF p3; Table 2,
O0039,Gibbs_2014,Gibbs_2014_all,Gibbs_high,Gibbs_high_AM,earlier,high GI,insulin,insulin_auc,insulin iAUC,incremental,120,,condition_summary,9,1159,SEM,654,,,,pmol/L·h,,,reported_figure,Gibbs_2014_primary; PDF p4; Figure 2 numeric labels and Results,
O0040,Gibbs_2014,Gibbs_2014_all,Gibbs_high,Gibbs_high_PM,later,high GI,glucose,glucose_auc,glucose iAUC,incremental,120,,condition_summary,10,351,SEM,44,,,0.003,mmol/L·h (as printed),,,reported_figure,Gibbs_2014_primary; PDF p4; Figure 2 numeric labels and Results,Unit label/scale requires QA.
O0041,Gibbs_2014,Gibbs_2014_all,Gibbs_high,Gibbs_high_PM,later,high GI,glucose,peak_glucose,peak glucose,,,,condition_summary,10,9.54,SEM,0.42,,,,mmol/L,,,reported_table,Gibbs_2014; PDF p3; Table 2,
O0042,Gibbs_2014,Gibbs_2014_all,Gibbs_high,Gibbs_high_PM,later,high GI,glucose,timed_glucose,glucose at 120 min,,,120,condition_summary,10,6.11,SEM,0.59,,,,mmol/L,,,reported_table,Gibbs_2014; PDF p3; Table 2,
O0043,Gibbs_2014,Gibbs_2014_all,Gibbs_high,Gibbs_high_PM,later,high GI,insulin,insulin_auc,insulin iAUC,incremental,120,,condition_summary,9,1236,SEM,348,,,,pmol/L·h,,,reported_figure,Gibbs_2014_primary; PDF p4; Figure 2 numeric labels and Results,
O0044,Gu_2020,Gu_2020_all,Gu_dinner,Gu_routine,earlier,,glucose,glucose_auc,4-h glucose AUC,total,240,,condition_summary,20,443.3,SEM,12.4,,,,mg/dL×h,,,reported_text,Gu_2020_primary; PDF p5; Results,
O0045,Gu_2020,Gu_2020_all,Gu_dinner,Gu_late,later,,glucose,glucose_auc,4-h glucose AUC,total,240,,condition_summary,20,522.3,SEM,13.4,,,,mg/dL×h,,,reported_text,Gu_2020_primary; PDF p5; Results,
O0046,Gu_2020,Gu_2020_all,Gu_dinner,Gu_routine,earlier,,glucose,peak_glucose,peak glucose,,,,condition_summary,20,127,SEM,4.5,,,,mg/dL,,,reported_text,Gu_2020_primary; PDF p5; Results,
O0047,Gu_2020,Gu_2020_all,Gu_dinner,Gu_late,later,,glucose,peak_glucose,peak glucose,,,,condition_summary,20,150.3,SEM,5.6,,,,mg/dL,,,reported_text,Gu_2020_primary; PDF p5; Results,
O0048,Gu_2020,Gu_2020_all,Gu_dinner,,,,glucose,glucose_auc,adjusted mean difference,total,240,,model_contrast,20,88.8,95% CI,,70.3,107.3,<0.001,mg/dL×h,late minus routine,,reported_text,Gu_2020_primary; PDF p11; Table 4,
O0049,Haldar_2020,Haldar_2020_all,Haldar_high,Haldar_high_breakfast,earlier,high GI,glucose,glucose_auc,test-meal glucose iAUC,incremental,180,,condition_summary,34,481.99,SD,192.5,,,,not explicitly printed; likely mmol/L×min,,,reported_table,Haldar_2020_primary; PDF p6; Table 2,Unit inference flagged.
O0050,Haldar_2020,Haldar_2020_all,Haldar_high,Haldar_high_breakfast,earlier,high GI,insulin,insulin_auc,test-meal insulin iAUC,incremental,180,,condition_summary,34,5643.62,SD,3093.41,,,,not explicitly printed; likely pmol/L×min,,,reported_table,Haldar_2020_primary; PDF p6; Table 2,Unit inference flagged.
O0051,Haldar_2020,Haldar_2020_all,Haldar_high,Haldar_high_breakfast,earlier,high GI,glucose,glucose_auc,combined-meal glucose tAUC,total,,,condition_summary,34,2493.32,SD,334.44,,,,not explicitly printed,,,reported_table,Haldar_2020_primary; PDF p7; Table 3,
O0052,Haldar_2020,Haldar_2020_all,Haldar_high,Haldar_high_breakfast,earlier,high GI,insulin,insulin_auc,combined-meal insulin tAUC,total,,,condition_summary,34,11425.73,SD,6261.91,,,,not explicitly printed,,,reported_table,Haldar_2020_primary; PDF p7; Table 3,
O0053,Haldar_2020,Haldar_2020_all,Haldar_low,Haldar_low_breakfast,earlier,low GI,glucose,glucose_auc,test-meal glucose iAUC,incremental,180,,condition_summary,34,378.64,SD,158.75,,,,not explicitly printed; likely mmol/L×min,,,reported_table,Haldar_2020_primary; PDF p6; Table 2,Unit inference flagged.
O0054,Haldar_2020,Haldar_2020_all,Haldar_low,Haldar_low_breakfast,earlier,low GI,insulin,insulin_auc,test-meal insulin iAUC,incremental,180,,condition_summary,34,3269.08,SD,2073.61,,,,not explicitly printed; likely pmol/L×min,,,reported_table,Haldar_2020_primary; PDF p6; Table 2,Unit inference flagged.
O0055,Haldar_2020,Haldar_2020_all,Haldar_low,Haldar_low_breakfast,earlier,low GI,glucose,glucose_auc,combined-meal glucose tAUC,total,,,condition_summary,34,2423.7,SD,328.43,,,,not explicitly printed,,,reported_table,Haldar_2020_primary; PDF p7; Table 3,
O0056,Haldar_2020,Haldar_2020_all,Haldar_low,Haldar_low_breakfast,earlier,low GI,insulin,insulin_auc,combined-meal insulin tAUC,total,,,condition_summary,34,9516.74,SD,4963.53,,,,not explicitly printed,,,reported_table,Haldar_2020_primary; PDF p7; Table 3,
O0057,Haldar_2020,Haldar_2020_all,Haldar_high,Haldar_high_dinner,later,high GI,glucose,glucose_auc,test-meal glucose iAUC,incremental,180,,condition_summary,34,766.4,SD,320.61,,,,not explicitly printed; likely mmol/L×min,,,reported_table,Haldar_2020_primary; PDF p6; Table 2,Unit inference flagged.
O0058,Haldar_2020,Haldar_2020_all,Haldar_high,Haldar_high_dinner,later,high GI,insulin,insulin_auc,test-meal insulin iAUC,incremental,180,,condition_summary,34,6864.29,SD,3714.81,,,,not explicitly printed; likely pmol/L×min,,,reported_table,Haldar_2020_primary; PDF p6; Table 2,Unit inference flagged.
O0059,Haldar_2020,Haldar_2020_all,Haldar_high,Haldar_high_dinner,later,high GI,glucose,glucose_auc,combined-meal glucose tAUC,total,,,condition_summary,34,2901.62,SD,442.64,,,,not explicitly printed,,,reported_table,Haldar_2020_primary; PDF p7; Table 3,
O0060,Haldar_2020,Haldar_2020_all,Haldar_high,Haldar_high_dinner,later,high GI,insulin,insulin_auc,combined-meal insulin tAUC,total,,,condition_summary,34,13775.94,SD,6962.72,,,,not explicitly printed,,,reported_table,Haldar_2020_primary; PDF p7; Table 3,
O0061,Haldar_2020,Haldar_2020_all,Haldar_low,Haldar_low_dinner,later,low GI,glucose,glucose_auc,test-meal glucose iAUC,incremental,180,,condition_summary,34,585.74,SD,215.5,,,,not explicitly printed; likely mmol/L×min,,,reported_table,Haldar_2020_primary; PDF p6; Table 2,Unit inference flagged.
O0062,Haldar_2020,Haldar_2020_all,Haldar_low,Haldar_low_dinner,later,low GI,insulin,insulin_auc,test-meal insulin iAUC,incremental,180,,condition_summary,34,3692.37,SD,2039.35,,,,not explicitly printed; likely pmol/L×min,,,reported_table,Haldar_2020_primary; PDF p6; Table 2,Unit inference flagged.
O0063,Haldar_2020,Haldar_2020_all,Haldar_low,Haldar_low_dinner,later,low GI,glucose,glucose_auc,combined-meal glucose tAUC,total,,,condition_summary,34,2609.02,SD,306.35,,,,not explicitly printed,,,reported_table,Haldar_2020_primary; PDF p7; Table 3,
O0064,Haldar_2020,Haldar_2020_all,Haldar_low,Haldar_low_dinner,later,low GI,insulin,insulin_auc,combined-meal insulin tAUC,total,,,condition_summary,34,10126.83,SD,4127.53,,,,not explicitly printed,,,reported_table,Haldar_2020_primary; PDF p7; Table 3,
O0065,Haldar_2020,Haldar_2020_all,Haldar_high,,,high GI,glucose,glucose_auc,model timing contrast,incremental,180,,model_contrast,34,284.4,,,,,<0.0001,as Table 2,dinner minus breakfast,,reported_table,Haldar_2020_primary; PDF p6; Table 2,
O0066,Haldar_2020,Haldar_2020_all,Haldar_high,,,high GI,insulin,insulin_auc,model timing contrast,incremental,180,,model_contrast,34,1220.67,,,,,<0.05,as Table 2,dinner minus breakfast,,reported_table,Haldar_2020_primary; PDF p6; Table 2,
O0067,Haldar_2020,Haldar_2020_all,Haldar_low,,,low GI,glucose,glucose_auc,model timing contrast,incremental,180,,model_contrast,34,207.1,,,,,<0.0001,as Table 2,dinner minus breakfast,,reported_table,Haldar_2020_primary; PDF p6; Table 2,
O0068,Haldar_2020,Haldar_2020_all,Haldar_low,,,low GI,insulin,insulin_auc,model timing contrast,incremental,180,,model_contrast,34,511.24,,,,,0.3481,as Table 2,dinner minus breakfast,,reported_table,Haldar_2020_primary; PDF p6; Table 2,
O0259,Haldar_2020,Haldar_2020_all,Haldar_overall_daypart,,,GI conditions combined,glucose,glucose_auc,overall model timing contrast,incremental,180,,model_contrast,34,245.75,,,,,<0.0001,as Table 2,dinner minus breakfast,,reported_table,Haldar_2020_primary; PDF p6; Table 2,Published Di vs Br (overall) contrast from the 2×2 linear mixed model.
O0069,Jarrett_1972,Jarrett_1972_all,Jarrett_daypart,Jarrett_15,later,,glucose,timed_glucose,plasma glucose,,,0,condition_summary,24,76.86,SEM,1.77,,,,mg/100 mL,,,reported_table,Jarrett_1972; PDF p2; Table II,
O0070,Jarrett_1972,Jarrett_1972_all,Jarrett_daypart,Jarrett_15,later,,glucose,timed_glucose,plasma glucose,,,30,condition_summary,24,127,SEM,5.17,,,,mg/100 mL,,,reported_table,Jarrett_1972; PDF p2; Table II,
O0071,Jarrett_1972,Jarrett_1972_all,Jarrett_daypart,Jarrett_15,later,,glucose,timed_glucose,plasma glucose,,,60,condition_summary,24,159.62,SEM,7.15,,,,mg/100 mL,,,reported_table,Jarrett_1972; PDF p2; Table II,
O0072,Jarrett_1972,Jarrett_1972_all,Jarrett_daypart,Jarrett_15,later,,glucose,timed_glucose,plasma glucose,,,90,condition_summary,24,155.81,SEM,9.55,,,,mg/100 mL,,,reported_table,Jarrett_1972; PDF p2; Table II,
O0073,Jarrett_1972,Jarrett_1972_all,Jarrett_daypart,Jarrett_15,later,,glucose,timed_glucose,plasma glucose,,,120,condition_summary,24,126.1,SEM,8.99,,,,mg/100 mL,,,reported_table,Jarrett_1972; PDF p2; Table II,
O0074,Jarrett_1972,Jarrett_1972_all,Jarrett_daypart,Jarrett_20,later,,glucose,timed_glucose,plasma glucose,,,0,condition_summary,24,82.17,SEM,2.4,,,,mg/100 mL,,,reported_table,Jarrett_1972; PDF p2; Table II,
O0075,Jarrett_1972,Jarrett_1972_all,Jarrett_daypart,Jarrett_20,later,,glucose,timed_glucose,plasma glucose,,,30,condition_summary,24,131.22,SEM,4.86,,,,mg/100 mL,,,reported_table,Jarrett_1972; PDF p2; Table II,
O0076,Jarrett_1972,Jarrett_1972_all,Jarrett_daypart,Jarrett_20,later,,glucose,timed_glucose,plasma glucose,,,60,condition_summary,24,159.39,SEM,6.29,,,,mg/100 mL,,,reported_table,Jarrett_1972; PDF p2; Table II,
O0077,Jarrett_1972,Jarrett_1972_all,Jarrett_daypart,Jarrett_20,later,,glucose,timed_glucose,plasma glucose,,,90,condition_summary,24,151.09,SEM,7.73,,,,mg/100 mL,,,reported_table,Jarrett_1972; PDF p2; Table II,
O0078,Jarrett_1972,Jarrett_1972_all,Jarrett_daypart,Jarrett_20,later,,glucose,timed_glucose,plasma glucose,,,120,condition_summary,24,121.52,SEM,8.12,,,,mg/100 mL,,,reported_table,Jarrett_1972; PDF p2; Table II,
O0079,Jarrett_1972,Jarrett_1972_all,Jarrett_daypart,Jarrett_09,earlier,,glucose,timed_glucose,plasma glucose,,,0,condition_summary,24,75.29,SEM,1.52,,,,mg/100 mL,,,reported_table,Jarrett_1972; PDF p2; Table II,
O0080,Jarrett_1972,Jarrett_1972_all,Jarrett_daypart,Jarrett_09,earlier,,glucose,timed_glucose,plasma glucose,,,30,condition_summary,24,125.71,SEM,3.05,,,,mg/100 mL,,,reported_table,Jarrett_1972; PDF p2; Table II,
O0081,Jarrett_1972,Jarrett_1972_all,Jarrett_daypart,Jarrett_09,earlier,,glucose,timed_glucose,plasma glucose,,,60,condition_summary,24,129.13,SEM,6.73,,,,mg/100 mL,,,reported_table,Jarrett_1972; PDF p2; Table II,
O0082,Jarrett_1972,Jarrett_1972_all,Jarrett_daypart,Jarrett_09,earlier,,glucose,timed_glucose,plasma glucose,,,90,condition_summary,24,108.5,SEM,6.08,,,,mg/100 mL,,,reported_table,Jarrett_1972; PDF p2; Table II,
O0083,Jarrett_1972,Jarrett_1972_all,Jarrett_daypart,Jarrett_09,earlier,,glucose,timed_glucose,plasma glucose,,,120,condition_summary,24,84.67,SEM,5.35,,,,mg/100 mL,,,reported_table,Jarrett_1972; PDF p2; Table II,
O0084,Jarrett_1972,Jarrett_1972_all,Jarrett_daypart,Jarrett_15,later,,insulin,timed_insulin,plasma insulin,,,0,condition_summary,20,9,SEM,1.09,,,,U/mL (as printed),,,reported_table,Jarrett_1972; PDF p3; Table III,
O0085,Jarrett_1972,Jarrett_1972_all,Jarrett_daypart,Jarrett_15,later,,insulin,timed_insulin,plasma insulin,,,30,condition_summary,18,17.5,SEM,2.34,,,,U/mL (as printed),,,reported_table,Jarrett_1972; PDF p3; Table III,
O0086,Jarrett_1972,Jarrett_1972_all,Jarrett_daypart,Jarrett_15,later,,insulin,timed_insulin,plasma insulin,,,60,condition_summary,19,23.63,SEM,3.05,,,,U/mL (as printed),,,reported_table,Jarrett_1972; PDF p3; Table III,
O0087,Jarrett_1972,Jarrett_1972_all,Jarrett_daypart,Jarrett_15,later,,insulin,timed_insulin,plasma insulin,,,90,condition_summary,19,28.26,SEM,6.62,,,,U/mL (as printed),,,reported_table,Jarrett_1972; PDF p3; Table III,
O0088,Jarrett_1972,Jarrett_1972_all,Jarrett_daypart,Jarrett_15,later,,insulin,timed_insulin,plasma insulin,,,120,condition_summary,19,25.68,SEM,7.72,,,,U/mL (as printed),,,reported_table,Jarrett_1972; PDF p3; Table III,
O0089,Jarrett_1972,Jarrett_1972_all,Jarrett_daypart,Jarrett_20,later,,insulin,timed_insulin,plasma insulin,,,0,condition_summary,21,8.14,SEM,1.48,,,,U/mL (as printed),,,reported_table,Jarrett_1972; PDF p3; Table III,
O0090,Jarrett_1972,Jarrett_1972_all,Jarrett_daypart,Jarrett_20,later,,insulin,timed_insulin,plasma insulin,,,30,condition_summary,21,17.29,SEM,2.33,,,,U/mL (as printed),,,reported_table,Jarrett_1972; PDF p3; Table III,
O0091,Jarrett_1972,Jarrett_1972_all,Jarrett_daypart,Jarrett_20,later,,insulin,timed_insulin,plasma insulin,,,60,condition_summary,23,24.09,SEM,4.14,,,,U/mL (as printed),,,reported_table,Jarrett_1972; PDF p3; Table III,
O0092,Jarrett_1972,Jarrett_1972_all,Jarrett_daypart,Jarrett_20,later,,insulin,timed_insulin,plasma insulin,,,90,condition_summary,20,18.4,SEM,2.66,,,,U/mL (as printed),,,reported_table,Jarrett_1972; PDF p3; Table III,
O0093,Jarrett_1972,Jarrett_1972_all,Jarrett_daypart,Jarrett_20,later,,insulin,timed_insulin,plasma insulin,,,120,condition_summary,22,17.64,SEM,5.68,,,,U/mL (as printed),,,reported_table,Jarrett_1972; PDF p3; Table III,
O0094,Jarrett_1972,Jarrett_1972_all,Jarrett_daypart,Jarrett_09,earlier,,insulin,timed_insulin,plasma insulin,,,0,condition_summary,22,8.18,SEM,1.15,,,,U/mL (as printed),,,reported_table,Jarrett_1972; PDF p3; Table III,
O0095,Jarrett_1972,Jarrett_1972_all,Jarrett_daypart,Jarrett_09,earlier,,insulin,timed_insulin,plasma insulin,,,30,condition_summary,20,30,SEM,5.45,,,,U/mL (as printed),,,reported_table,Jarrett_1972; PDF p3; Table III,
O0096,Jarrett_1972,Jarrett_1972_all,Jarrett_daypart,Jarrett_09,earlier,,insulin,timed_insulin,plasma insulin,,,60,condition_summary,22,33.05,SEM,7,,,,U/mL (as printed),,,reported_table,Jarrett_1972; PDF p3; Table III,
O0097,Jarrett_1972,Jarrett_1972_all,Jarrett_daypart,Jarrett_09,earlier,,insulin,timed_insulin,plasma insulin,,,90,condition_summary,19,33.47,SEM,7.52,,,,U/mL (as printed),,,reported_table,Jarrett_1972; PDF p3; Table III,
O0098,Jarrett_1972,Jarrett_1972_all,Jarrett_daypart,Jarrett_09,earlier,,insulin,timed_insulin,plasma insulin,,,120,condition_summary,22,16.77,SEM,3.74,,,,U/mL (as printed),,,reported_table,Jarrett_1972; PDF p3; Table III,
O0099,Lopez_Minguez_2018,Lopez_Minguez_2018_all,Lopez_all,Lopez_early,earlier,all,glucose,glucose_auc,glucose AUC,reported AUC,120,,condition_summary,40,269.61,SD,34.8,,,,mmol/L×h (as printed),,,reported_text,Lopez_Minguez_2018_primary; PDF p7; Results,
O0100,Lopez_Minguez_2018,Lopez_Minguez_2018_all,Lopez_all,Lopez_late,later,all,glucose,glucose_auc,glucose AUC,reported AUC,120,,condition_summary,40,284.74,SD,32.67,,,,mmol/L×h (as printed),,,reported_text,Lopez_Minguez_2018_primary; PDF p7; Results,
O0101,Lopez_Minguez_2018,Lopez_Minguez_2018_all,Lopez_all,,,all,glucose,glucose_auc,mean difference,reported AUC,120,,within_person_contrast,40,15.129999999999995,,,,,0.004,mmol/L×h (as printed),late minus early,,derived,Lopez_Minguez_2018_primary; PDF p7; Results,Paired SE derived separately from exact p; unit label requires QA.
O0102,Lopez_Minguez_2018,Lopez_Minguez_2018_all,Lopez_GG,Lopez_early,earlier,GG,glucose,glucose_auc,glucose AUC,reported AUC,120,,condition_summary,20,270.9,SD,30.4,,,,mmol/L×h (as printed),,,reported_text,Lopez_Minguez_2018_primary; PDF p7; Results,
O0103,Lopez_Minguez_2018,Lopez_Minguez_2018_all,Lopez_GG,Lopez_late,later,GG,glucose,glucose_auc,glucose AUC,reported AUC,120,,condition_summary,20,292.2,SD,33.8,,,,mmol/L×h (as printed),,,reported_text,Lopez_Minguez_2018_primary; PDF p7; Results,
O0104,Lopez_Minguez_2018,Lopez_Minguez_2018_all,Lopez_GG,,,GG,glucose,glucose_auc,mean difference,reported AUC,120,,within_person_contrast,20,21.30000000000001,,,,,0.006,mmol/L×h (as printed),late minus early,,reported_text,Lopez_Minguez_2018_primary; PDF p7; Results,No paired precision derived for subgroup.
O0105,Lopez_Minguez_2018,Lopez_Minguez_2018_all,Lopez_CC,Lopez_early,earlier,CC,glucose,glucose_auc,glucose AUC,reported AUC,120,,condition_summary,20,268.2,SD,38.2,,,,mmol/L×h (as printed),,,reported_text,Lopez_Minguez_2018_primary; PDF p7; Results,
O0106,Lopez_Minguez_2018,Lopez_Minguez_2018_all,Lopez_CC,Lopez_late,later,CC,glucose,glucose_auc,glucose AUC,reported AUC,120,,condition_summary,20,277.3,SD,30.5,,,,mmol/L×h (as printed),,,reported_text,Lopez_Minguez_2018_primary; PDF p7; Results,
O0107,Lopez_Minguez_2018,Lopez_Minguez_2018_all,Lopez_CC,,,CC,glucose,glucose_auc,mean difference,reported AUC,120,,within_person_contrast,20,9.100000000000023,,,,,0.122,mmol/L×h (as printed),late minus early,,reported_text,Lopez_Minguez_2018_primary; PDF p7; Results,No paired precision derived for subgroup.
O0264,Lu_2022,Lu_2022_all,Lu_lunch,Lu_12S,earlier,no preload,glucose,glucose_auc,CGM iAUC,incremental above baseline,270,,condition_summary,26,432.6,SEM,29.7,,,,mmol/L×min,,,reported_table,"Lu 2022; p7, Table 3","Reported CGM 0-270 min extends 30 min beyond scheduled 18:00 dinner in 14S; retain as descriptive context, not clean lunch-only AUC. Paired covariance unavailable."
O0265,Lu_2022,Lu_2022_all,Lu_lunch,Lu_12S,earlier,no preload,glucose,peak_glucose,CGM incremental peak,,270,,condition_summary,26,3.9,SEM,0.2,,,,mmol/L,,,reported_table,"Lu 2022; p7, Table 3","Reported CGM 0-270 min extends 30 min beyond scheduled 18:00 dinner in 14S; retain as descriptive context, not clean lunch-only AUC. Paired covariance unavailable."
O0266,Lu_2022,Lu_2022_all,Lu_lunch,Lu_12S,earlier,no preload,glucose,glycemic_variability,CGM LAGE,,270,,condition_summary,26,4.2,SEM,0.3,,,,mmol/L,,,reported_table,"Lu 2022; p7, Table 3","Reported CGM 0-270 min extends 30 min beyond scheduled 18:00 dinner in 14S; retain as descriptive context, not clean lunch-only AUC. Paired covariance unavailable."
O0267,Lu_2022,Lu_2022_all,Lu_lunch,Lu_12S,earlier,no preload,glucose,glycemic_variability,CGM SD,,270,,condition_summary,26,1.3,SEM,0.1,,,,mmol/L,,,reported_table,"Lu 2022; p7, Table 3","Reported CGM 0-270 min extends 30 min beyond scheduled 18:00 dinner in 14S; retain as descriptive context, not clean lunch-only AUC. Paired covariance unavailable."
O0268,Lu_2022,Lu_2022_all,Lu_lunch,Lu_12S,earlier,no preload,glucose,glycemic_variability,CGM CV,,270,,condition_summary,26,21.1,SEM,1.1,,,,%,,,reported_table,"Lu 2022; p7, Table 3","Reported CGM 0-270 min extends 30 min beyond scheduled 18:00 dinner in 14S; retain as descriptive context, not clean lunch-only AUC. Paired covariance unavailable."
O0269,Lu_2022,Lu_2022_all,Lu_lunch,Lu_12S,earlier,no preload,glucose,glycemic_variability,CGM CONGA-1,,270,,condition_summary,26,2,SEM,0.1,,,,mmol/L,,,reported_table,"Lu 2022; p7, Table 3","Reported CGM 0-270 min extends 30 min beyond scheduled 18:00 dinner in 14S; retain as descriptive context, not clean lunch-only AUC. Paired covariance unavailable."
O0270,Lu_2022,Lu_2022_all,Lu_lunch,Lu_12S,earlier,no preload,glucose,glycemic_variability,CGM J-index,,270,,condition_summary,26,17.1,SEM,0.8,,,,index,,,reported_table,"Lu 2022; p7, Table 3","Reported CGM 0-270 min extends 30 min beyond scheduled 18:00 dinner in 14S; retain as descriptive context, not clean lunch-only AUC. Paired covariance unavailable."
O0271,Lu_2022,Lu_2022_all,Lu_lunch,Lu_12S,earlier,no preload,glucose,glycemic_variability,24-h mean glucose,,1440,,condition_summary,26,5,SEM,0.1,,,,mmol/L,,,reported_table,"Lu 2022; p10, Table 4",Whole-day context; not an acute isolated lunch response.
O0272,Lu_2022,Lu_2022_all,Lu_lunch,Lu_12S,earlier,no preload,glucose,glycemic_variability,24-h total AUC,,1440,,condition_summary,26,120.8,SEM,1.5,,,,mmol/L×h,,,reported_table,"Lu 2022; p10, Table 4",Whole-day context; not an acute isolated lunch response.
O0273,Lu_2022,Lu_2022_all,Lu_lunch,Lu_12S,earlier,no preload,glucose,glycemic_variability,24-h peak glucose,,1440,,condition_summary,26,8.4,SEM,0.2,,,,mmol/L,,,reported_table,"Lu 2022; p10, Table 4",Whole-day context; not an acute isolated lunch response.
O0274,Lu_2022,Lu_2022_all,Lu_lunch,Lu_12S,earlier,no preload,glucose,glycemic_variability,24-h LAGE,,1440,,condition_summary,26,4.7,SEM,0.3,,,,mmol/L,,,reported_table,"Lu 2022; p10, Table 4",Whole-day context; not an acute isolated lunch response.
O0275,Lu_2022,Lu_2022_all,Lu_lunch,Lu_12S,earlier,no preload,glucose,glycemic_variability,24-h SD,,1440,,condition_summary,26,1,SEM,0,,,,mmol/L,,,reported_table,"Lu 2022; p10, Table 4",Whole-day context; not an acute isolated lunch response.
O0276,Lu_2022,Lu_2022_all,Lu_lunch,Lu_12S,earlier,no preload,glucose,glycemic_variability,GC >2.5,,1440,,condition_summary,26,6.1,SEM,0.8,,,,%,,,reported_table,"Lu 2022; p10, Table 4",Whole-day context; not an acute isolated lunch response.
O0277,Lu_2022,Lu_2022_all,Lu_lunch,Lu_12S,earlier,no preload,glucose,glycemic_variability,GC >5.0,,1440,,condition_summary,26,0.2,SEM,0.1,,,,%,,,reported_table,"Lu 2022; p10, Table 4",Whole-day context; not an acute isolated lunch response.
O0278,Lu_2022,Lu_2022_all,Lu_lunch,Lu_12S,earlier,no preload,glucose,glycemic_variability,Lunch-dinner peak difference,,1440,,condition_summary,26,1.4,SEM,0.2,,,,mmol/L,,,reported_table,"Lu 2022; p10, Table 4",Whole-day context; not an acute isolated lunch response.
O0279,Lu_2022,Lu_2022_all,Lu_lunch,Lu_14S,later,no preload,glucose,glucose_auc,CGM iAUC,incremental above baseline,270,,condition_summary,26,482.1,SEM,34.6,,,,mmol/L×min,,,reported_table,"Lu 2022; p7, Table 3","Reported CGM 0-270 min extends 30 min beyond scheduled 18:00 dinner in 14S; retain as descriptive context, not clean lunch-only AUC. Paired covariance unavailable."
O0280,Lu_2022,Lu_2022_all,Lu_lunch,Lu_14S,later,no preload,glucose,peak_glucose,CGM incremental peak,,270,,condition_summary,26,4.7,SEM,0.3,,,,mmol/L,,,reported_table,"Lu 2022; p7, Table 3","Reported CGM 0-270 min extends 30 min beyond scheduled 18:00 dinner in 14S; retain as descriptive context, not clean lunch-only AUC. Paired covariance unavailable."
O0281,Lu_2022,Lu_2022_all,Lu_lunch,Lu_14S,later,no preload,glucose,glycemic_variability,CGM LAGE,,270,,condition_summary,26,5,SEM,0.2,,,,mmol/L,,,reported_table,"Lu 2022; p7, Table 3","Reported CGM 0-270 min extends 30 min beyond scheduled 18:00 dinner in 14S; retain as descriptive context, not clean lunch-only AUC. Paired covariance unavailable."
O0282,Lu_2022,Lu_2022_all,Lu_lunch,Lu_14S,later,no preload,glucose,glycemic_variability,CGM SD,,270,,condition_summary,26,1.6,SEM,0.1,,,,mmol/L,,,reported_table,"Lu 2022; p7, Table 3","Reported CGM 0-270 min extends 30 min beyond scheduled 18:00 dinner in 14S; retain as descriptive context, not clean lunch-only AUC. Paired covariance unavailable."
O0283,Lu_2022,Lu_2022_all,Lu_lunch,Lu_14S,later,no preload,glucose,glycemic_variability,CGM CV,,270,,condition_summary,26,24.6,SEM,1.1,,,,%,,,reported_table,"Lu 2022; p7, Table 3","Reported CGM 0-270 min extends 30 min beyond scheduled 18:00 dinner in 14S; retain as descriptive context, not clean lunch-only AUC. Paired covariance unavailable."
O0284,Lu_2022,Lu_2022_all,Lu_lunch,Lu_14S,later,no preload,glucose,glycemic_variability,CGM CONGA-1,,270,,condition_summary,26,2.5,SEM,0.1,,,,mmol/L,,,reported_table,"Lu 2022; p7, Table 3","Reported CGM 0-270 min extends 30 min beyond scheduled 18:00 dinner in 14S; retain as descriptive context, not clean lunch-only AUC. Paired covariance unavailable."
O0285,Lu_2022,Lu_2022_all,Lu_lunch,Lu_14S,later,no preload,glucose,glycemic_variability,CGM J-index,,270,,condition_summary,26,20.5,SEM,1.2,,,,index,,,reported_table,"Lu 2022; p7, Table 3","Reported CGM 0-270 min extends 30 min beyond scheduled 18:00 dinner in 14S; retain as descriptive context, not clean lunch-only AUC. Paired covariance unavailable."
O0286,Lu_2022,Lu_2022_all,Lu_lunch,Lu_14S,later,no preload,glucose,glycemic_variability,24-h mean glucose,,1440,,condition_summary,26,5,SEM,0.1,,,,mmol/L,,,reported_table,"Lu 2022; p10, Table 4",Whole-day context; not an acute isolated lunch response.
O0287,Lu_2022,Lu_2022_all,Lu_lunch,Lu_14S,later,no preload,glucose,glycemic_variability,24-h total AUC,,1440,,condition_summary,26,119.5,SEM,1.7,,,,mmol/L×h,,,reported_table,"Lu 2022; p10, Table 4",Whole-day context; not an acute isolated lunch response.
O0288,Lu_2022,Lu_2022_all,Lu_lunch,Lu_14S,later,no preload,glucose,glycemic_variability,24-h peak glucose,,1440,,condition_summary,26,9.4,SEM,0.3,,,,mmol/L,,,reported_table,"Lu 2022; p10, Table 4",Whole-day context; not an acute isolated lunch response.
O0289,Lu_2022,Lu_2022_all,Lu_lunch,Lu_14S,later,no preload,glucose,glycemic_variability,24-h LAGE,,1440,,condition_summary,26,5.7,SEM,0.3,,,,mmol/L,,,reported_table,"Lu 2022; p10, Table 4",Whole-day context; not an acute isolated lunch response.
O0290,Lu_2022,Lu_2022_all,Lu_lunch,Lu_14S,later,no preload,glucose,glycemic_variability,24-h SD,,1440,,condition_summary,26,1.1,SEM,0.1,,,,mmol/L,,,reported_table,"Lu 2022; p10, Table 4",Whole-day context; not an acute isolated lunch response.
O0291,Lu_2022,Lu_2022_all,Lu_lunch,Lu_14S,later,no preload,glucose,glycemic_variability,GC >2.5,,1440,,condition_summary,26,5.9,SEM,0.7,,,,%,,,reported_table,"Lu 2022; p10, Table 4",Whole-day context; not an acute isolated lunch response.
O0292,Lu_2022,Lu_2022_all,Lu_lunch,Lu_14S,later,no preload,glucose,glycemic_variability,GC >5.0,,1440,,condition_summary,26,1.3,SEM,0.4,,,,%,,,reported_table,"Lu 2022; p10, Table 4",Whole-day context; not an acute isolated lunch response.
O0293,Lu_2022,Lu_2022_all,Lu_lunch,Lu_14S,later,no preload,glucose,glycemic_variability,Lunch-dinner peak difference,,1440,,condition_summary,26,3.3,SEM,0.2,,,,mmol/L,,,reported_table,"Lu 2022; p10, Table 4",Whole-day context; not an acute isolated lunch response.
O0294,Lu_2022,Lu_2022_all,Lu_lunch,,,no preload,glucose,glucose_auc,Capillary glucose iAUC,,,,narrative_contrast,20,,,,,,<0.05,mmol/L×min,larger response later,12S,narrative_only,"Lu 2022; pp7-8, Results 3.3 and Figure 3","Figure 3 AUC/peak labels say 0-120 min, but Methods and time-course axes show -30 to +90 min relative to lunch. Numeric bar heights not digitized; no paired precision derived from omnibus/multiple-comparison significance."
O0295,Lu_2022,Lu_2022_all,Lu_lunch,,,no preload,glucose,peak_glucose,Capillary incremental glucose peak,,,,narrative_contrast,20,,,,,,<0.05,mmol/L,larger response later,12S,narrative_only,"Lu 2022; pp7-8, Results 3.3 and Figure 3","Figure 3 AUC/peak labels say 0-120 min, but Methods and time-course axes show -30 to +90 min relative to lunch. Numeric bar heights not digitized; no paired precision derived from omnibus/multiple-comparison significance."
O0296,Lu_2022,Lu_2022_all,Lu_lunch,,,no preload,insulin,insulin_auc,Insulin percent-change iAUC,,,,narrative_contrast,20,,,,,,<0.05,percent of baseline; time integration ambiguous,larger response later,12S,narrative_only,"Lu 2022; pp7-8, Results 3.3 and Figure 3","Figure 3 AUC/peak labels say 0-120 min, but Methods and time-course axes show -30 to +90 min relative to lunch. Numeric bar heights not digitized; no paired precision derived from omnibus/multiple-comparison significance."
O0297,Lu_2022,Lu_2022_all,Lu_lunch,,,no preload,insulin,peak_insulin,Insulin percent-change peak,,,,narrative_contrast,20,,,,,,<0.05,percent of baseline; time integration ambiguous,larger response later,12S,narrative_only,"Lu 2022; pp7-8, Results 3.3 and Figure 3","Figure 3 AUC/peak labels say 0-120 min, but Methods and time-course axes show -30 to +90 min relative to lunch. Numeric bar heights not digitized; no paired precision derived from omnibus/multiple-comparison significance."
O0298,Lu_2022,Lu_2022_all,Lu_lunch,,,no preload,insulin,timed_insulin,Insulin peak time,,,,narrative_contrast,20,,,,,,,,later peak after delayed lunch,12S,narrative_only,"Lu 2022; pp8-9, Figures 4-5",Figure 4b; n=20; P<0.05.
O0299,Lu_2022,Lu_2022_all,Lu_lunch,,,no preload,glucose,glucose_auc,Next-dinner CGM iAUC,,,,narrative_contrast,26,,,,,,,,no significant difference,12S,narrative_only,"Lu 2022; pp8-9, Figures 4-5",Figure 5 and Results 3.4; n=26. Next meal at fixed 18:00; not a randomized dinner-delay contrast.
O0300,Lu_2022,Lu_2022_all,Lu_lunch,,,no preload,glucose,peak_glucose,Next-dinner CGM peak,,,,narrative_contrast,26,,,,,,,,smaller response after delayed lunch,12S,narrative_only,"Lu 2022; pp8-9, Figures 4-5",Figure 5; n=26; P<0.05.
O0108,Nakamura_2021,Nakamura_2021_all,Nakamura_breakfast_day_2,Nakamura_early,earlier,breakfast day 2,glucose,cgm_postprandial,3-h glucose iAUC,incremental,180,,condition_summary,12,3700,SD,1500,,,,mg/3hour/dL (as figure),,,graph_digitized,Nakamura_2021; PDF p7; Figure 3B,Approximate graph digitization; p=NS.
O0109,Nakamura_2021,Nakamura_2021_all,Nakamura_breakfast_day_2,Nakamura_late,later,breakfast day 2,glucose,cgm_postprandial,3-h glucose iAUC,incremental,180,,condition_summary,12,4350,SD,3200,,,,mg/3hour/dL (as figure),,,graph_digitized,Nakamura_2021; PDF p7; Figure 3B,Approximate graph digitization; p=NS.
O0110,Nakamura_2021,Nakamura_2021_all,Nakamura_lunch_day_2,Nakamura_early,earlier,lunch day 2,glucose,cgm_postprandial,3-h glucose iAUC,incremental,180,,condition_summary,12,1850,SD,2200,,,,mg/3hour/dL (as figure),,,graph_digitized,Nakamura_2021; PDF p7; Figure 3B,Approximate graph digitization; p=NS.
O0111,Nakamura_2021,Nakamura_2021_all,Nakamura_lunch_day_2,Nakamura_late,later,lunch day 2,glucose,cgm_postprandial,3-h glucose iAUC,incremental,180,,condition_summary,12,1650,SD,1800,,,,mg/3hour/dL (as figure),,,graph_digitized,Nakamura_2021; PDF p7; Figure 3B,Approximate graph digitization; p=NS.
O0112,Nakamura_2021,Nakamura_2021_all,Nakamura_dinner_day_2,Nakamura_early,earlier,dinner day 2,glucose,cgm_postprandial,3-h glucose iAUC,incremental,180,,condition_summary,12,3800,SD,2600,,,,mg/3hour/dL (as figure),,,graph_digitized,Nakamura_2021; PDF p7; Figure 3B,Approximate graph digitization; p=<0.001.
O0113,Nakamura_2021,Nakamura_2021_all,Nakamura_dinner_day_2,Nakamura_late,later,dinner day 2,glucose,cgm_postprandial,3-h glucose iAUC,incremental,180,,condition_summary,12,5900,SD,3400,,,,mg/3hour/dL (as figure),,,graph_digitized,Nakamura_2021; PDF p7; Figure 3B,Approximate graph digitization; p=<0.001.
O0114,Nakamura_2021,Nakamura_2021_all,Nakamura_breakfast_day_3,Nakamura_early,earlier,breakfast day 3,glucose,cgm_postprandial,3-h glucose iAUC,incremental,180,,condition_summary,12,3600,SD,1150,,,,mg/3hour/dL (as figure),,,graph_digitized,Nakamura_2021; PDF p7; Figure 3B,Approximate graph digitization; p=NS.
O0115,Nakamura_2021,Nakamura_2021_all,Nakamura_breakfast_day_3,Nakamura_late,later,breakfast day 3,glucose,cgm_postprandial,3-h glucose iAUC,incremental,180,,condition_summary,12,3900,SD,2100,,,,mg/3hour/dL (as figure),,,graph_digitized,Nakamura_2021; PDF p7; Figure 3B,Approximate graph digitization; p=NS.
O0116,Nakamura_2021,Nakamura_2021_all,Nakamura_mean_day,Nakamura_early,earlier,day,glucose,cgm_postprandial,mean CGM glucose,,,,condition_summary,12,100.5,SD,5.3,,,,mg/dL,,,graph_digitized,Nakamura_2021; PDF p7; Figure 3A,Approximate graph digitization; p=NS.
O0117,Nakamura_2021,Nakamura_2021_all,Nakamura_mean_day,Nakamura_late,later,day,glucose,cgm_postprandial,mean CGM glucose,,,,condition_summary,12,104,SD,8.2,,,,mg/dL,,,graph_digitized,Nakamura_2021; PDF p7; Figure 3A,Approximate graph digitization; p=NS.
O0118,Nakamura_2021,Nakamura_2021_all,Nakamura_mean_night,Nakamura_early,earlier,night,glucose,cgm_postprandial,mean CGM glucose,,,,condition_summary,12,92.8,SD,7,,,,mg/dL,,,graph_digitized,Nakamura_2021; PDF p7; Figure 3A,Approximate graph digitization; p=0.010.
O0119,Nakamura_2021,Nakamura_2021_all,Nakamura_mean_night,Nakamura_late,later,night,glucose,cgm_postprandial,mean CGM glucose,,,,condition_summary,12,99.7,SD,7.3,,,,mg/dL,,,graph_digitized,Nakamura_2021; PDF p7; Figure 3A,Approximate graph digitization; p=0.010.
O0120,Nakamura_2021,Nakamura_2021_all,Nakamura_mean_24-hour,Nakamura_early,earlier,24-hour,glucose,cgm_postprandial,mean CGM glucose,,,,condition_summary,12,96.8,SD,5.3,,,,mg/dL,,,graph_digitized,Nakamura_2021; PDF p7; Figure 3A,Approximate graph digitization; p=0.034.
O0121,Nakamura_2021,Nakamura_2021_all,Nakamura_mean_24-hour,Nakamura_late,later,24-hour,glucose,cgm_postprandial,mean CGM glucose,,,,condition_summary,12,101.8,SD,7.7,,,,mg/dL,,,graph_digitized,Nakamura_2021; PDF p7; Figure 3A,Approximate graph digitization; p=0.034.
O0122,Nakamura_2021,Nakamura_2021_all,Nakamura_MAGE,,,,glucose,glycemic_variability,MAGE change day 1 to day 3,,,,narrative_only,12,,,,,,0.027,not numerically reported,early versus late,,narrative_only,Nakamura_2021; PDF p6; Results,
O0123,Pizinger_2018,Pizinger_2018_all,Pizinger_normal_sleep,Piz_NsNm,earlier,normal sleep,glucose,glucose_auc,MTT total glucose AUC,total,180,,condition_summary,6,20560,SD,1650,,,0.11 (meal main effect),mg/dL×180 min,,,reported_text,Pizinger_2018_primary; PDF pp3–5; Results,
O0124,Pizinger_2018,Pizinger_2018_all,Pizinger_normal_sleep,Piz_NsNm,earlier,normal sleep,insulin,insulin_auc,MTT total insulin AUC,total,180,,condition_summary,6,8404,SD,4489,,,0.0088 (meal main effect),µU/mL or µU/dL ×180 min (report inconsistent),,,reported_text,Pizinger_2018_primary; PDF pp3–5; Results,Concentration denominator differs across page break; flagged.
O0125,Pizinger_2018,Pizinger_2018_all,Pizinger_late_sleep,Piz_LsNm,earlier,late sleep,glucose,glucose_auc,MTT total glucose AUC,total,180,,condition_summary,6,21395,SD,1824,,,0.11 (meal main effect),mg/dL×180 min,,,reported_text,Pizinger_2018_primary; PDF pp3–5; Results,
O0126,Pizinger_2018,Pizinger_2018_all,Pizinger_late_sleep,Piz_LsNm,earlier,late sleep,insulin,insulin_auc,MTT total insulin AUC,total,180,,condition_summary,6,9816,SD,2966,,,0.0088 (meal main effect),µU/mL or µU/dL ×180 min (report inconsistent),,,reported_text,Pizinger_2018_primary; PDF pp3–5; Results,Concentration denominator differs across page break; flagged.
O0127,Pizinger_2018,Pizinger_2018_all,Pizinger_normal_sleep,Piz_NsLm,later,normal sleep,glucose,glucose_auc,MTT total glucose AUC,total,180,,condition_summary,6,22095,SD,3207,,,0.11 (meal main effect),mg/dL×180 min,,,reported_text,Pizinger_2018_primary; PDF pp3–5; Results,
O0128,Pizinger_2018,Pizinger_2018_all,Pizinger_normal_sleep,Piz_NsLm,later,normal sleep,insulin,insulin_auc,MTT total insulin AUC,total,180,,condition_summary,6,12534,SD,6407,,,0.0088 (meal main effect),µU/mL or µU/dL ×180 min (report inconsistent),,,reported_text,Pizinger_2018_primary; PDF pp3–5; Results,Concentration denominator differs across page break; flagged.
O0129,Pizinger_2018,Pizinger_2018_all,Pizinger_late_sleep,Piz_LsLm,later,late sleep,glucose,glucose_auc,MTT total glucose AUC,total,180,,condition_summary,5,22009,SD,1754,,,0.11 (meal main effect),mg/dL×180 min,,,reported_text,Pizinger_2018_primary; PDF pp3–5; Results,
O0130,Pizinger_2018,Pizinger_2018_all,Pizinger_late_sleep,Piz_LsLm,later,late sleep,insulin,insulin_auc,MTT total insulin AUC,total,180,,condition_summary,5,13953,SD,7040,,,0.0088 (meal main effect),µU/mL or µU/dL ×180 min (report inconsistent),,,reported_text,Pizinger_2018_primary; PDF pp3–5; Results,Concentration denominator differs across page break; flagged.
O0143,Sato_2011,Sato_2011_all,Sato_dinner,Sato_normal,earlier,,glucose,cgm_postprandial,dinner glucose AUC,total,300,,condition_summary,10,25950,SEM,825,,,<0.05,mg/dL×min,,,reported_table,Sato_2011_primary; PDF pp4–5; Results and Table 1,
O0144,Sato_2011,Sato_2011_all,Sato_dinner,Sato_normal,earlier,,glucose,peak_glucose,peak glucose,,,,condition_summary,10,119,SEM,6,,,0.098,mg/dL,,,reported_table,Sato_2011_primary; PDF pp4–5; Results and Table 1,
O0145,Sato_2011,Sato_2011_all,Sato_dinner,Sato_normal,earlier,,glucose,peak_glucose,time to peak,,,,condition_summary,10,52,SEM,4,,,<0.01,min,,,reported_table,Sato_2011_primary; PDF pp4–5; Results and Table 1,
O0146,Sato_2011,Sato_2011_all,Sato_dinner,Sato_normal,earlier,,glucose,cgm_postprandial,24-h mean glucose,,,,condition_summary,10,81,SEM,2,,,<0.05,mg/dL,,,reported_table,Sato_2011_primary; PDF pp4–5; Results and Table 1,
O0147,Sato_2011,Sato_2011_all,Sato_dinner,Sato_late,later,,glucose,cgm_postprandial,dinner glucose AUC,total,300,,condition_summary,10,27945,SEM,1418,,,<0.05,mg/dL×min,,,reported_table,Sato_2011_primary; PDF pp4–5; Results and Table 1,
O0148,Sato_2011,Sato_2011_all,Sato_dinner,Sato_late,later,,glucose,peak_glucose,peak glucose,,,,condition_summary,10,127,SEM,8,,,0.098,mg/dL,,,reported_table,Sato_2011_primary; PDF pp4–5; Results and Table 1,
O0149,Sato_2011,Sato_2011_all,Sato_dinner,Sato_late,later,,glucose,peak_glucose,time to peak,,,,condition_summary,10,63,SEM,4,,,<0.01,min,,,reported_table,Sato_2011_primary; PDF pp4–5; Results and Table 1,
O0150,Sato_2011,Sato_2011_all,Sato_dinner,Sato_late,later,,glucose,cgm_postprandial,24-h mean glucose,,,,condition_summary,10,85,SEM,3,,,<0.05,mg/dL,,,reported_table,Sato_2011_primary; PDF pp4–5; Results and Table 1,
O0151,Sato_2011,Sato_2011_all,Sato_next_breakfast,Sato_normal,earlier,next breakfast,glucose,cgm_postprandial,next-breakfast glucose AUC,total,300,,condition_summary,10,24528,SEM,844,,,<0.01,mg/dL×min,,,reported_table,Sato_2011_primary; PDF pp4–5; Results and Table 1,
O0152,Sato_2011,Sato_2011_all,Sato_next_breakfast,Sato_late,later,next breakfast,glucose,cgm_postprandial,next-breakfast glucose AUC,total,300,,condition_summary,10,26291,SEM,991,,,<0.01,mg/dL×min,,,reported_table,Sato_2011_primary; PDF pp4–5; Results and Table 1,
O0153,Service_1983,Service_1983_all,Service_medium,Service_medium_08,earlier,medium meal,glucose,glucose_auc,integrated glucose response,reported integrated response,300,,condition_summary,6,122.2,SEM,38.9,,,,mmol·L⁻¹·300 min⁻¹ (as printed),,,reported_table,Service_1983; PDF p3; Results/Table,Printed unit is malformed/ambiguous; flagged.
O0154,Service_1983,Service_1983_all,Service_medium,Service_medium_08,earlier,medium meal,glucose,peak_glucose,peak glucose,,,,condition_summary,6,7.8,SEM,0.2,,,,mmol/L,,,reported_table,Service_1983; PDF p3; Results/Table,
O0155,Service_1983,Service_1983_all,Service_medium,Service_medium_13,later,medium meal,glucose,glucose_auc,integrated glucose response,reported integrated response,300,,condition_summary,6,150,SEM,33.3,,,,mmol·L⁻¹·300 min⁻¹ (as printed),,,reported_table,Service_1983; PDF p3; Results/Table,Printed unit is malformed/ambiguous; flagged.
O0156,Service_1983,Service_1983_all,Service_medium,Service_medium_13,later,medium meal,glucose,peak_glucose,peak glucose,,,,condition_summary,6,8.3,SEM,0.6,,,,mmol/L,,,reported_table,Service_1983; PDF p3; Results/Table,
O0157,Service_1983,Service_1983_all,Service_medium,Service_medium_18,later,medium meal,glucose,glucose_auc,integrated glucose response,reported integrated response,300,,condition_summary,6,338.9,SEM,61.1,,,,mmol·L⁻¹·300 min⁻¹ (as printed),,,reported_table,Service_1983; PDF p3; Results/Table,Printed unit is malformed/ambiguous; flagged.
O0158,Service_1983,Service_1983_all,Service_medium,Service_medium_18,later,medium meal,glucose,peak_glucose,peak glucose,,,,condition_summary,6,8.8,SEM,0.7,,,,mmol/L,,,reported_table,Service_1983; PDF p3; Results/Table,
O0159,Service_1983,Service_1983_all,Service_large,Service_large_08,earlier,large meal,glucose,glucose_auc,integrated glucose response,reported integrated response,300,,condition_summary,6,166.7,SEM,38.9,,,,mmol·L⁻¹·300 min⁻¹ (as printed),,,reported_table,Service_1983; PDF p3; Results/Table,Printed unit is malformed/ambiguous; flagged.
O0160,Service_1983,Service_1983_all,Service_large,Service_large_08,earlier,large meal,glucose,peak_glucose,peak glucose,,,,condition_summary,6,7.8,SEM,0.4,,,,mmol/L,,,reported_table,Service_1983; PDF p3; Results/Table,
O0161,Service_1983,Service_1983_all,Service_large,Service_large_13,later,large meal,glucose,glucose_auc,integrated glucose response,reported integrated response,300,,condition_summary,6,361.1,SEM,77.8,,,,mmol·L⁻¹·300 min⁻¹ (as printed),,,reported_table,Service_1983; PDF p3; Results/Table,Printed unit is malformed/ambiguous; flagged.
O0162,Service_1983,Service_1983_all,Service_large,Service_large_13,later,large meal,glucose,peak_glucose,peak glucose,,,,condition_summary,6,8.7,SEM,0.6,,,,mmol/L,,,reported_table,Service_1983; PDF p3; Results/Table,
O0163,Service_1983,Service_1983_all,Service_large,Service_large_18,later,large meal,glucose,glucose_auc,integrated glucose response,reported integrated response,300,,condition_summary,6,577.8,SEM,88.9,,,,mmol·L⁻¹·300 min⁻¹ (as printed),,,reported_table,Service_1983; PDF p3; Results/Table,Printed unit is malformed/ambiguous; flagged.
O0164,Service_1983,Service_1983_all,Service_large,Service_large_18,later,large meal,glucose,peak_glucose,peak glucose,,,,condition_summary,6,9.9,SEM,0.6,,,,mmol/L,,,reported_table,Service_1983; PDF p3; Results/Table,
O0165,Stutz_2024,Stutz_2024_early,Stutz_early_2-h_iAUC,Stutz_2024_early_morning,earlier,early chronotype,glucose,glucose_auc,2-h iAUC,incremental,120,,condition_summary,22,195,SD,91,,,,mmol/L×min,,,reported_table,Stutz_2024; PDF p7; Table 2,
O0166,Stutz_2024,Stutz_2024_early,Stutz_early_2-h_iAUC,Stutz_2024_early_evening,later,early chronotype,glucose,glucose_auc,2-h iAUC,incremental,120,,condition_summary,22,234,SD,92,,,,mmol/L×min,,,reported_table,Stutz_2024; PDF p7; Table 2,
O0167,Stutz_2024,Stutz_2024_early,Stutz_early_2-h_iAUC,,,early chronotype,glucose,glucose_auc,2-h iAUC model contrast,incremental,120,,model_contrast,22,40,95% CI,,2,77,0.042,mmol/L×min,evening minus morning,,reported_table,Stutz_2024; PDF p7; Table 2,
O0168,Stutz_2024,Stutz_2024_early,Stutz_early_2-h_mean,Stutz_2024_early_morning,earlier,early chronotype,glucose,cgm_postprandial,2-h mean,,120,,condition_summary,22,6.75,SD,0.91,,,,mmol/L,,,reported_table,Stutz_2024; PDF p7; Table 2,
O0169,Stutz_2024,Stutz_2024_early,Stutz_early_2-h_mean,Stutz_2024_early_evening,later,early chronotype,glucose,cgm_postprandial,2-h mean,,120,,condition_summary,22,7.32,SD,0.83,,,,mmol/L,,,reported_table,Stutz_2024; PDF p7; Table 2,
O0170,Stutz_2024,Stutz_2024_early,Stutz_early_2-h_mean,,,early chronotype,glucose,cgm_postprandial,2-h mean model contrast,,120,,model_contrast,22,0.57,95% CI,,0.29,0.86,<0.001,mmol/L,evening minus morning,,reported_table,Stutz_2024; PDF p7; Table 2,
O0171,Stutz_2024,Stutz_2024_early,Stutz_early_2-h_highest,Stutz_2024_early_morning,earlier,early chronotype,glucose,peak_glucose,2-h highest,,120,,condition_summary,22,9.04,SD,1.42,,,,mmol/L,,,reported_table,Stutz_2024; PDF p7; Table 2,
O0172,Stutz_2024,Stutz_2024_early,Stutz_early_2-h_highest,Stutz_2024_early_evening,later,early chronotype,glucose,peak_glucose,2-h highest,,120,,condition_summary,22,9.57,SD,1.37,,,,mmol/L,,,reported_table,Stutz_2024; PDF p7; Table 2,
O0173,Stutz_2024,Stutz_2024_early,Stutz_early_2-h_highest,,,early chronotype,glucose,peak_glucose,2-h highest model contrast,,120,,model_contrast,22,0.52,95% CI,,0.07,1.11,0.080,mmol/L,evening minus morning,,reported_table,Stutz_2024; PDF p7; Table 2,
O0174,Stutz_2024,Stutz_2024_early,Stutz_early_2-h_lowest,Stutz_2024_early_morning,earlier,early chronotype,glucose,cgm_postprandial,2-h lowest,,120,,condition_summary,22,4.8,SD,0.71,,,,mmol/L,,,reported_table,Stutz_2024; PDF p7; Table 2,
O0175,Stutz_2024,Stutz_2024_early,Stutz_early_2-h_lowest,Stutz_2024_early_evening,later,early chronotype,glucose,cgm_postprandial,2-h lowest,,120,,condition_summary,22,5.19,SD,0.54,,,,mmol/L,,,reported_table,Stutz_2024; PDF p7; Table 2,
O0176,Stutz_2024,Stutz_2024_early,Stutz_early_2-h_lowest,,,early chronotype,glucose,cgm_postprandial,2-h lowest model contrast,,120,,model_contrast,22,0.38,95% CI,,0.08,0.69,0.017,mmol/L,evening minus morning,,reported_table,Stutz_2024; PDF p7; Table 2,
O0177,Stutz_2024,Stutz_2024_early,Stutz_early_2-h_SD,Stutz_2024_early_morning,earlier,early chronotype,glucose,glycemic_variability,2-h SD,,120,,condition_summary,22,1.34,SD,0.44,,,,mmol/L,,,reported_table,Stutz_2024; PDF p7; Table 2,
O0178,Stutz_2024,Stutz_2024_early,Stutz_early_2-h_SD,Stutz_2024_early_evening,later,early chronotype,glucose,glycemic_variability,2-h SD,,120,,condition_summary,22,1.42,SD,0.5,,,,mmol/L,,,reported_table,Stutz_2024; PDF p7; Table 2,
O0179,Stutz_2024,Stutz_2024_early,Stutz_early_2-h_SD,,,early chronotype,glucose,glycemic_variability,2-h SD model contrast,,120,,model_contrast,22,0.07,95% CI,,-0.18,0.33,0.551,mmol/L,evening minus morning,,reported_table,Stutz_2024; PDF p7; Table 2,
O0180,Stutz_2024,Stutz_2024_early,Stutz_early_24-h_iAUC,Stutz_2024_early_morning,earlier,early chronotype,glucose,glucose_auc,24-h iAUC,incremental,1440,,condition_summary,22,1004,SD,399,,,,mmol/L×min,,,reported_table,Stutz_2024; PDF p7; Table 2,
O0181,Stutz_2024,Stutz_2024_early,Stutz_early_24-h_iAUC,Stutz_2024_early_evening,later,early chronotype,glucose,glucose_auc,24-h iAUC,incremental,1440,,condition_summary,22,1071,SD,289,,,,mmol/L×min,,,reported_table,Stutz_2024; PDF p7; Table 2,
O0182,Stutz_2024,Stutz_2024_early,Stutz_early_24-h_iAUC,,,early chronotype,glucose,glucose_auc,24-h iAUC model contrast,incremental,1440,,model_contrast,22,67,95% CI,,-114,248,0.452,mmol/L×min,evening minus morning,,reported_table,Stutz_2024; PDF p7; Table 2,
O0183,Stutz_2024,Stutz_2024_early,Stutz_early_24-h_mean,Stutz_2024_early_morning,earlier,early chronotype,glucose,cgm_postprandial,24-h mean,,1440,,condition_summary,22,5.87,SD,0.59,,,,mmol/L,,,reported_table,Stutz_2024; PDF p7; Table 2,
O0184,Stutz_2024,Stutz_2024_early,Stutz_early_24-h_mean,Stutz_2024_early_evening,later,early chronotype,glucose,cgm_postprandial,24-h mean,,1440,,condition_summary,22,5.97,SD,0.58,,,,mmol/L,,,reported_table,Stutz_2024; PDF p7; Table 2,
O0185,Stutz_2024,Stutz_2024_early,Stutz_early_24-h_mean,,,early chronotype,glucose,cgm_postprandial,24-h mean model contrast,,1440,,model_contrast,22,0.11,95% CI,,0,0.21,0.052,mmol/L,evening minus morning,,reported_table,Stutz_2024; PDF p7; Table 2,
O0186,Stutz_2024,Stutz_2024_early,Stutz_early_24-h_highest,Stutz_2024_early_morning,earlier,early chronotype,glucose,peak_glucose,24-h highest,,1440,,condition_summary,22,9.19,SD,1.2,,,,mmol/L,,,reported_table,Stutz_2024; PDF p7; Table 2,
O0187,Stutz_2024,Stutz_2024_early,Stutz_early_24-h_highest,Stutz_2024_early_evening,later,early chronotype,glucose,peak_glucose,24-h highest,,1440,,condition_summary,22,9.68,SD,1.26,,,,mmol/L,,,reported_table,Stutz_2024; PDF p7; Table 2,
O0188,Stutz_2024,Stutz_2024_early,Stutz_early_24-h_highest,,,early chronotype,glucose,peak_glucose,24-h highest model contrast,,1440,,model_contrast,22,0.48,95% CI,,-0.04,1,0.069,mmol/L,evening minus morning,,reported_table,Stutz_2024; PDF p7; Table 2,
O0189,Stutz_2024,Stutz_2024_early,Stutz_early_24-h_lowest,Stutz_2024_early_morning,earlier,early chronotype,glucose,cgm_postprandial,24-h lowest,,1440,,condition_summary,22,4.15,SD,0.67,,,,mmol/L,,,reported_table,Stutz_2024; PDF p7; Table 2,
O0190,Stutz_2024,Stutz_2024_early,Stutz_early_24-h_lowest,Stutz_2024_early_evening,later,early chronotype,glucose,cgm_postprandial,24-h lowest,,1440,,condition_summary,22,4.44,SD,0.65,,,,mmol/L,,,reported_table,Stutz_2024; PDF p7; Table 2,
O0191,Stutz_2024,Stutz_2024_early,Stutz_early_24-h_lowest,,,early chronotype,glucose,cgm_postprandial,24-h lowest model contrast,,1440,,model_contrast,22,0.29,95% CI,,-0.06,0.63,0.098,mmol/L,evening minus morning,,reported_table,Stutz_2024; PDF p7; Table 2,
O0192,Stutz_2024,Stutz_2024_early,Stutz_early_24-h_SD,Stutz_2024_early_morning,earlier,early chronotype,glucose,glycemic_variability,24-h SD,,1440,,condition_summary,22,0.79,SD,0.15,,,,percent ratio difference,,,reported_table,Stutz_2024; PDF p7; Table 2,
O0193,Stutz_2024,Stutz_2024_early,Stutz_early_24-h_SD,Stutz_2024_early_evening,later,early chronotype,glucose,glycemic_variability,24-h SD,,1440,,condition_summary,22,0.92,SD,0.21,,,,percent ratio difference,,,reported_table,Stutz_2024; PDF p7; Table 2,
O0194,Stutz_2024,Stutz_2024_early,Stutz_early_24-h_SD,,,early chronotype,glucose,glycemic_variability,24-h SD model contrast,,1440,,model_contrast,22,16,95% CI,,7,24,0.001,percent ratio difference,evening minus morning,,reported_table,Stutz_2024; PDF p7; Table 2,Reported as percent ratio difference.
O0195,Stutz_2024,Stutz_2024_early,Stutz_early_24-h_MAGE,Stutz_2024_early_morning,earlier,early chronotype,glucose,glycemic_variability,24-h MAGE,,1440,,condition_summary,22,2.25,IQR,IQR 1.74–2.46,,,,mmol/L,,,reported_table,Stutz_2024; PDF p7; Table 2,
O0196,Stutz_2024,Stutz_2024_early,Stutz_early_24-h_MAGE,Stutz_2024_early_evening,later,early chronotype,glucose,glycemic_variability,24-h MAGE,,1440,,condition_summary,22,2.17,IQR,IQR 1.88–2.65,,,,mmol/L,,,reported_table,Stutz_2024; PDF p7; Table 2,
O0197,Stutz_2024,Stutz_2024_early,Stutz_early_24-h_MAGE,,,early chronotype,glucose,glycemic_variability,24-h MAGE model contrast,,1440,,model_contrast,22,0.17,95% CI,,-0.12,0.45,0.233,mmol/L,evening minus morning,,reported_table,Stutz_2024; PDF p7; Table 2,
O0198,Stutz_2024,Stutz_2024_late,Stutz_late_2-h_iAUC,Stutz_2024_late_morning,earlier,late chronotype,glucose,glucose_auc,2-h iAUC,incremental,120,,condition_summary,23,211,SD,110,,,,mmol/L×min,,,reported_table,Stutz_2024; PDF p7; Table 2,
O0199,Stutz_2024,Stutz_2024_late,Stutz_late_2-h_iAUC,Stutz_2024_late_evening,later,late chronotype,glucose,glucose_auc,2-h iAUC,incremental,120,,condition_summary,23,207,SD,95,,,,mmol/L×min,,,reported_table,Stutz_2024; PDF p7; Table 2,
O0200,Stutz_2024,Stutz_2024_late,Stutz_late_2-h_iAUC,,,late chronotype,glucose,glucose_auc,2-h iAUC model contrast,incremental,120,,model_contrast,23,-4,95% CI,,-55,48,0.888,mmol/L×min,evening minus morning,,reported_table,Stutz_2024; PDF p7; Table 2,
O0201,Stutz_2024,Stutz_2024_late,Stutz_late_2-h_mean,Stutz_2024_late_morning,earlier,late chronotype,glucose,cgm_postprandial,2-h mean,,120,,condition_summary,23,7.12,SD,1.04,,,,mmol/L,,,reported_table,Stutz_2024; PDF p7; Table 2,
O0202,Stutz_2024,Stutz_2024_late,Stutz_late_2-h_mean,Stutz_2024_late_evening,later,late chronotype,glucose,cgm_postprandial,2-h mean,,120,,condition_summary,23,7.28,SD,0.68,,,,mmol/L,,,reported_table,Stutz_2024; PDF p7; Table 2,
O0203,Stutz_2024,Stutz_2024_late,Stutz_late_2-h_mean,,,late chronotype,glucose,cgm_postprandial,2-h mean model contrast,,120,,model_contrast,23,0.16,95% CI,,-0.2,0.53,0.362,mmol/L,evening minus morning,,reported_table,Stutz_2024; PDF p7; Table 2,
O0204,Stutz_2024,Stutz_2024_late,Stutz_late_2-h_highest,Stutz_2024_late_morning,earlier,late chronotype,glucose,peak_glucose,2-h highest,,120,,condition_summary,23,9.67,SD,1.58,,,,mmol/L,,,reported_table,Stutz_2024; PDF p7; Table 2,
O0205,Stutz_2024,Stutz_2024_late,Stutz_late_2-h_highest,Stutz_2024_late_evening,later,late chronotype,glucose,peak_glucose,2-h highest,,120,,condition_summary,23,9.39,SD,1.17,,,,mmol/L,,,reported_table,Stutz_2024; PDF p7; Table 2,
O0206,Stutz_2024,Stutz_2024_late,Stutz_late_2-h_highest,,,late chronotype,glucose,peak_glucose,2-h highest model contrast,,120,,model_contrast,23,-0.28,95% CI,,-0.92,0.35,0.365,mmol/L,evening minus morning,,reported_table,Stutz_2024; PDF p7; Table 2,
O0207,Stutz_2024,Stutz_2024_late,Stutz_late_2-h_lowest,Stutz_2024_late_morning,earlier,late chronotype,glucose,cgm_postprandial,2-h lowest,,120,,condition_summary,23,5,SD,0.61,,,,mmol/L,,,reported_table,Stutz_2024; PDF p7; Table 2,
O0208,Stutz_2024,Stutz_2024_late,Stutz_late_2-h_lowest,Stutz_2024_late_evening,later,late chronotype,glucose,cgm_postprandial,2-h lowest,,120,,condition_summary,23,5.33,SD,0.53,,,,mmol/L,,,reported_table,Stutz_2024; PDF p7; Table 2,
O0209,Stutz_2024,Stutz_2024_late,Stutz_late_2-h_lowest,,,late chronotype,glucose,cgm_postprandial,2-h lowest model contrast,,120,,model_contrast,23,0.32,95% CI,,0.05,0.59,0.024,mmol/L,evening minus morning,,reported_table,Stutz_2024; PDF p7; Table 2,
O0210,Stutz_2024,Stutz_2024_late,Stutz_late_2-h_SD,Stutz_2024_late_morning,earlier,late chronotype,glucose,glycemic_variability,2-h SD,,120,,condition_summary,23,1.52,SD,0.51,,,,mmol/L,,,reported_table,Stutz_2024; PDF p7; Table 2,
O0211,Stutz_2024,Stutz_2024_late,Stutz_late_2-h_SD,Stutz_2024_late_evening,later,late chronotype,glucose,glycemic_variability,2-h SD,,120,,condition_summary,23,1.3,SD,0.41,,,,mmol/L,,,reported_table,Stutz_2024; PDF p7; Table 2,
O0212,Stutz_2024,Stutz_2024_late,Stutz_late_2-h_SD,,,late chronotype,glucose,glycemic_variability,2-h SD model contrast,,120,,model_contrast,23,-0.21,95% CI,,-0.47,0.04,0.098,mmol/L,evening minus morning,,reported_table,Stutz_2024; PDF p7; Table 2,
O0213,Stutz_2024,Stutz_2024_late,Stutz_late_24-h_iAUC,Stutz_2024_late_morning,earlier,late chronotype,glucose,glucose_auc,24-h iAUC,incremental,1440,,condition_summary,23,962,SD,368,,,,mmol/L×min,,,reported_table,Stutz_2024; PDF p7; Table 2,
O0214,Stutz_2024,Stutz_2024_late,Stutz_late_24-h_iAUC,Stutz_2024_late_evening,later,late chronotype,glucose,glucose_auc,24-h iAUC,incremental,1440,,condition_summary,23,987,SD,352,,,,mmol/L×min,,,reported_table,Stutz_2024; PDF p7; Table 2,
O0215,Stutz_2024,Stutz_2024_late,Stutz_late_24-h_iAUC,,,late chronotype,glucose,glucose_auc,24-h iAUC model contrast,incremental,1440,,model_contrast,23,26,95% CI,,-13,190,0.748,mmol/L×min,evening minus morning,,reported_table,Stutz_2024; PDF p7; Table 2,
O0216,Stutz_2024,Stutz_2024_late,Stutz_late_24-h_mean,Stutz_2024_late_morning,earlier,late chronotype,glucose,cgm_postprandial,24-h mean,,1440,,condition_summary,23,6.06,SD,0.38,,,,mmol/L,,,reported_table,Stutz_2024; PDF p7; Table 2,
O0217,Stutz_2024,Stutz_2024_late,Stutz_late_24-h_mean,Stutz_2024_late_evening,later,late chronotype,glucose,cgm_postprandial,24-h mean,,1440,,condition_summary,23,6.05,SD,0.43,,,,mmol/L,,,reported_table,Stutz_2024; PDF p7; Table 2,
O0218,Stutz_2024,Stutz_2024_late,Stutz_late_24-h_mean,,,late chronotype,glucose,cgm_postprandial,24-h mean model contrast,,1440,,model_contrast,23,-0.01,95% CI,,-0.12,0.11,0.876,mmol/L,evening minus morning,,reported_table,Stutz_2024; PDF p7; Table 2,
O0219,Stutz_2024,Stutz_2024_late,Stutz_late_24-h_highest,Stutz_2024_late_morning,earlier,late chronotype,glucose,peak_glucose,24-h highest,,1440,,condition_summary,23,9.74,SD,1.46,,,,mmol/L,,,reported_table,Stutz_2024; PDF p7; Table 2,
O0220,Stutz_2024,Stutz_2024_late,Stutz_late_24-h_highest,Stutz_2024_late_evening,later,late chronotype,glucose,peak_glucose,24-h highest,,1440,,condition_summary,23,9.42,SD,1.17,,,,mmol/L,,,reported_table,Stutz_2024; PDF p7; Table 2,
O0221,Stutz_2024,Stutz_2024_late,Stutz_late_24-h_highest,,,late chronotype,glucose,peak_glucose,24-h highest model contrast,,1440,,model_contrast,23,-0.32,95% CI,,-0.89,0.24,0.251,mmol/L,evening minus morning,,reported_table,Stutz_2024; PDF p7; Table 2,
O0222,Stutz_2024,Stutz_2024_late,Stutz_late_24-h_lowest,Stutz_2024_late_morning,earlier,late chronotype,glucose,cgm_postprandial,24-h lowest,,1440,,condition_summary,23,4.46,SD,0.65,,,,mmol/L,,,reported_table,Stutz_2024; PDF p7; Table 2,
O0223,Stutz_2024,Stutz_2024_late,Stutz_late_24-h_lowest,Stutz_2024_late_evening,later,late chronotype,glucose,cgm_postprandial,24-h lowest,,1440,,condition_summary,23,4.51,SD,0.46,,,,mmol/L,,,reported_table,Stutz_2024; PDF p7; Table 2,
O0224,Stutz_2024,Stutz_2024_late,Stutz_late_24-h_lowest,,,late chronotype,glucose,cgm_postprandial,24-h lowest model contrast,,1440,,model_contrast,23,0.05,95% CI,,-0.24,0.34,0.719,mmol/L,evening minus morning,,reported_table,Stutz_2024; PDF p7; Table 2,
O0225,Stutz_2024,Stutz_2024_late,Stutz_late_24-h_SD,Stutz_2024_late_morning,earlier,late chronotype,glucose,glycemic_variability,24-h SD,,1440,,condition_summary,23,0.87,SD,0.24,,,,percent ratio difference,,,reported_table,Stutz_2024; PDF p7; Table 2,
O0226,Stutz_2024,Stutz_2024_late,Stutz_late_24-h_SD,Stutz_2024_late_evening,later,late chronotype,glucose,glycemic_variability,24-h SD,,1440,,condition_summary,23,0.86,SD,0.2,,,,percent ratio difference,,,reported_table,Stutz_2024; PDF p7; Table 2,
O0227,Stutz_2024,Stutz_2024_late,Stutz_late_24-h_SD,,,late chronotype,glucose,glycemic_variability,24-h SD model contrast,,1440,,model_contrast,23,0.2,95% CI,,-10,11,0.972,percent ratio difference,evening minus morning,,reported_table,Stutz_2024; PDF p7; Table 2,Reported as percent ratio difference.
O0228,Stutz_2024,Stutz_2024_late,Stutz_late_24-h_MAGE,Stutz_2024_late_morning,earlier,late chronotype,glucose,glycemic_variability,24-h MAGE,,1440,,condition_summary,23,2.31,IQR,IQR 1.87–2.77,,,,mmol/L,,,reported_table,Stutz_2024; PDF p7; Table 2,
O0229,Stutz_2024,Stutz_2024_late,Stutz_late_24-h_MAGE,Stutz_2024_late_evening,later,late chronotype,glucose,glycemic_variability,24-h MAGE,,1440,,condition_summary,23,2.23,IQR,IQR 1.77–2.59,,,,mmol/L,,,reported_table,Stutz_2024; PDF p7; Table 2,
O0230,Stutz_2024,Stutz_2024_late,Stutz_late_24-h_MAGE,,,late chronotype,glucose,glycemic_variability,24-h MAGE model contrast,,1440,,model_contrast,23,-0.07,95% CI,,-0.42,0.27,0.661,mmol/L,evening minus morning,,reported_table,Stutz_2024; PDF p7; Table 2,
O0231,Sulaimani_2025,Sulaimani_2025_all,Sulaimani_control,Sulaimani_control_AM,earlier,control,glucose,glucose_auc,glucose iAUC,incremental,180,,condition_summary,14,196.344285714286,SD,66.4976272236358,,,<0.01 (published timing comparison),mmol/L×min (source-inferred),,,author_provided,"Sulaimani_2025; author-provided iAUC-glucose worksheet; PDF p6, Figure 3B",Aggregate of 14 author-provided participant iAUCs; 180-min window and mmol/L×min scale inferred from Methods/Figure 3B.
O0232,Sulaimani_2025,Sulaimani_2025_all,Sulaimani_control,Sulaimani_control_AM,earlier,control,glucose,peak_glucose,peak glucose,,,,condition_summary,14,8,SD,0.8,,,0.07 (timing main effect),mmol/L,,,graph_digitized,Sulaimani_2025_primary; PDF pp6–7; Figures 3–4,Approximate graph digitization.
O0233,Sulaimani_2025,Sulaimani_2025_all,Sulaimani_control,Sulaimani_control_AM,earlier,control,insulin,insulin_auc,insulin iAUC,incremental,180,,condition_summary,14,36500,SD,25500,,,,pmol/L×min,,,graph_digitized,Sulaimani_2025_primary; PDF pp6–7; Figures 3–4,Approximate graph digitization.
O0234,Sulaimani_2025,Sulaimani_2025_all,Sulaimani_control,Sulaimani_control_AM,earlier,control,insulin,peak_insulin,peak insulin,,,,condition_summary,14,900,SD,550,,,0.0002,pmol/L,,,graph_digitized,Sulaimani_2025_primary; PDF pp6–7; Figures 3–4,Approximate graph digitization.
O0235,Sulaimani_2025,Sulaimani_2025_all,Sulaimani_GTE,Sulaimani_GTE_AM,earlier,GTE,glucose,glucose_auc,glucose iAUC,incremental,180,,condition_summary,14,182.851428571429,SD,64.2224026162382,,,<0.01 (published timing comparison),mmol/L×min (source-inferred),,,author_provided,"Sulaimani_2025; author-provided iAUC-glucose worksheet; PDF p6, Figure 3B",Aggregate of 14 author-provided participant iAUCs; 180-min window and mmol/L×min scale inferred from Methods/Figure 3B.
O0236,Sulaimani_2025,Sulaimani_2025_all,Sulaimani_GTE,Sulaimani_GTE_AM,earlier,GTE,glucose,peak_glucose,peak glucose,,,,condition_summary,14,7.7,SD,1,,,0.07 (timing main effect),mmol/L,,,graph_digitized,Sulaimani_2025_primary; PDF pp6–7; Figures 3–4,Approximate graph digitization.
O0237,Sulaimani_2025,Sulaimani_2025_all,Sulaimani_GTE,Sulaimani_GTE_AM,earlier,GTE,insulin,insulin_auc,insulin iAUC,incremental,180,,condition_summary,14,30000,SD,18000,,,,pmol/L×min,,,graph_digitized,Sulaimani_2025_primary; PDF pp6–7; Figures 3–4,Approximate graph digitization.
O0238,Sulaimani_2025,Sulaimani_2025_all,Sulaimani_GTE,Sulaimani_GTE_AM,earlier,GTE,insulin,peak_insulin,peak insulin,,,,condition_summary,14,629,SD,313,,,0.01,pmol/L,,,reported_text,Sulaimani_2025_primary; PDF p1; Abstract,Abstract reports peak insulin at 30 min after morning GTE meal as 629 ± 313 pmol/L; replaces approximate figure read.
O0239,Sulaimani_2025,Sulaimani_2025_all,Sulaimani_control,Sulaimani_control_PM,later,control,glucose,glucose_auc,glucose iAUC,incremental,180,,condition_summary,14,359.952142857143,SD,141.379139369644,,,<0.01 (published timing comparison),mmol/L×min (source-inferred),,,author_provided,"Sulaimani_2025; author-provided iAUC-glucose worksheet; PDF p6, Figure 3B",Aggregate of 14 author-provided participant iAUCs; 180-min window and mmol/L×min scale inferred from Methods/Figure 3B.
O0240,Sulaimani_2025,Sulaimani_2025_all,Sulaimani_control,Sulaimani_control_PM,later,control,glucose,peak_glucose,peak glucose,,,,condition_summary,14,8.5,SD,1.5,,,0.07 (timing main effect),mmol/L,,,graph_digitized,Sulaimani_2025_primary; PDF pp6–7; Figures 3–4,Approximate graph digitization.
O0241,Sulaimani_2025,Sulaimani_2025_all,Sulaimani_control,Sulaimani_control_PM,later,control,insulin,insulin_auc,insulin iAUC,incremental,180,,condition_summary,14,35500,SD,19000,,,,pmol/L×min,,,graph_digitized,Sulaimani_2025_primary; PDF pp6–7; Figures 3–4,Approximate graph digitization.
O0242,Sulaimani_2025,Sulaimani_2025_all,Sulaimani_control,Sulaimani_control_PM,later,control,insulin,peak_insulin,peak insulin,,,,condition_summary,14,500,SD,330,,,0.0002,pmol/L,,,graph_digitized,Sulaimani_2025_primary; PDF pp6–7; Figures 3–4,Approximate graph digitization.
O0243,Sulaimani_2025,Sulaimani_2025_all,Sulaimani_GTE,Sulaimani_GTE_PM,later,GTE,glucose,glucose_auc,glucose iAUC,incremental,180,,condition_summary,14,385.2,SD,141.575185244177,,,<0.01 (published timing comparison),mmol/L×min (source-inferred),,,author_provided,"Sulaimani_2025; author-provided iAUC-glucose worksheet; PDF p6, Figure 3B",Aggregate of 14 author-provided participant iAUCs; 180-min window and mmol/L×min scale inferred from Methods/Figure 3B.
O0244,Sulaimani_2025,Sulaimani_2025_all,Sulaimani_GTE,Sulaimani_GTE_PM,later,GTE,glucose,peak_glucose,peak glucose,,,,condition_summary,14,8.6,SD,1,,,0.07 (timing main effect),mmol/L,,,graph_digitized,Sulaimani_2025_primary; PDF pp6–7; Figures 3–4,Approximate graph digitization.
O0245,Sulaimani_2025,Sulaimani_2025_all,Sulaimani_GTE,Sulaimani_GTE_PM,later,GTE,insulin,insulin_auc,insulin iAUC,incremental,180,,condition_summary,14,31000,SD,19000,,,,pmol/L×min,,,graph_digitized,Sulaimani_2025_primary; PDF pp6–7; Figures 3–4,Approximate graph digitization.
O0246,Sulaimani_2025,Sulaimani_2025_all,Sulaimani_GTE,Sulaimani_GTE_PM,later,GTE,insulin,peak_insulin,peak insulin,,,,condition_summary,14,430,SD,300,,,0.01,pmol/L,,,graph_digitized,Sulaimani_2025_primary; PDF pp6–7; Figures 3–4,Approximate graph digitization.
O0301,Bo_2015,Bo_2015_all,Bo_daypart,Bo_morning,earlier,,glucose,glucose_auc,glucose AUC,reported AUC,180,,condition_summary,20,15383.2,SD,2045.3,,,<0.001,mg/dL×h (as printed),,,reported_text,Bo_2017_secondary; PDF p4; Results,
O0302,Bo_2015,Bo_2015_all,Bo_daypart,Bo_evening,later,,glucose,glucose_auc,glucose AUC,reported AUC,180,,condition_summary,20,17183.3,SD,2290.4,,,<0.001,mg/dL×h (as printed),,,reported_text,Bo_2017_secondary; PDF p4; Results,
O0303,Bo_2015,Bo_2015_all,Bo_daypart,Bo_morning,earlier,,insulin,insulin_auc,insulin AUC,reported AUC,180,,condition_summary,20,6968.9,SD,2788.7,,,0.007 (log AUC),µU/mL×h (as printed),,,reported_text,Bo_2017_secondary; PDF p4; Results,
O0304,Bo_2015,Bo_2015_all,Bo_daypart,Bo_evening,later,,insulin,insulin_auc,insulin AUC,reported AUC,180,,condition_summary,20,8597.8,SD,4231.1,,,0.007 (log AUC),µU/mL×h (as printed),,,reported_text,Bo_2017_secondary; PDF p4; Results,
O0305,Gu_2020,Gu_2020_all,Gu_supportive,Gu_routine,earlier,,insulin,timed_insulin,20-h mean insulin,,1200,,condition_summary,20,20.9,SEM,2.2,,,0.06,µU/mL,,,reported_text,Gu_2020_primary; PDF p6; Results,
O0306,Gu_2020,Gu_2020_all,Gu_supportive,Gu_late,later,,insulin,timed_insulin,20-h mean insulin,,1200,,condition_summary,20,23.4,SEM,2.5,,,0.06,µU/mL,,,reported_text,Gu_2020_primary; PDF p6; Results,
O0307,Gu_2020,Gu_2020_all,Gu_supportive,Gu_routine,earlier,,glucose,timed_glucose,20-h mean glucose,,1200,,condition_summary,20,99.8,SEM,2,,,<0.01,mg/dL,,,reported_text,Gu_2020_primary; PDF p6; Results,
O0308,Gu_2020,Gu_2020_all,Gu_supportive,Gu_late,later,,glucose,timed_glucose,20-h mean glucose,,1200,,condition_summary,20,105.8,SEM,2.3,,,<0.01,mg/dL,,,reported_text,Gu_2020_primary; PDF p6; Results,
O0309,Gu_2020,Gu_2020_all,Gu_supportive,Gu_routine,earlier,,glucose,glucose_auc,Next-breakfast glucose AUC,total,240,,condition_summary,20,391.7,SEM,7.5,,,0.02,mg/dL×h,,,reported_text,Gu_2020_primary; PDF p6; Results,
O0310,Gu_2020,Gu_2020_all,Gu_supportive,Gu_late,later,,glucose,glucose_auc,Next-breakfast glucose AUC,total,240,,condition_summary,20,412.2,SEM,10.6,,,0.02,mg/dL×h,,,reported_text,Gu_2020_primary; PDF p6; Results,
O0311,Gu_2020,Gu_2020_all,Gu_supportive,,,,insulin,insulin_auc,Postdinner insulin AUC,total,240,,narrative_only,20,,,,,,NS,,no significant difference,,reported_text,"Gu_2020_primary; PDF pp5–6,8; Results and Figure 3",No significant timing difference; numerical AUC summaries and paired precision not reported.
O0312,Gu_2020,Gu_2020_all,Gu_supportive,,,,insulin,timed_insulin,Postdinner peak insulin,,240,,narrative_only,20,,,,,,NS,,no significant difference,,reported_text,"Gu_2020_primary; PDF pp5–6,8; Results and Figure 3",No significant timing difference; peak summaries not printed.
O0313,Gu_2020,Gu_2020_all,Gu_supportive,,,,insulin,insulin_auc,Next-breakfast insulin AUC,total,240,,narrative_only,20,,,,,,NS,,no significant difference,,reported_text,"Gu_2020_primary; PDF pp5–6,8; Results and Figure 3",No significant timing difference; numerical AUC summaries and paired precision not reported.
O0314,Gu_2020,Gu_2020_all,Gu_supportive,Gu_routine,earlier,,insulin,timed_insulin,Postdinner insulin concentration,,,0,condition_summary,20,7,SEM,2,,,NS,µU/mL,,,graph_digitized,Gu_2020_primary; PDF p8; Figure 3D,Approximate means and SEM read from clear plotted markers/error bars; rounded to 1 µU/mL.
O0315,Gu_2020,Gu_2020_all,Gu_supportive,Gu_late,later,,insulin,timed_insulin,Postdinner insulin concentration,,,0,condition_summary,20,6,SEM,2,,,NS,µU/mL,,,graph_digitized,Gu_2020_primary; PDF p8; Figure 3D,Approximate means and SEM read from clear plotted markers/error bars; rounded to 1 µU/mL.
O0316,Gu_2020,Gu_2020_all,Gu_supportive,Gu_routine,earlier,,insulin,timed_insulin,Postdinner insulin concentration,,,60,condition_summary,20,62,SEM,8,,,NS,µU/mL,,,graph_digitized,Gu_2020_primary; PDF p8; Figure 3D,Approximate means and SEM read from clear plotted markers/error bars; rounded to 1 µU/mL.
O0317,Gu_2020,Gu_2020_all,Gu_supportive,Gu_late,later,,insulin,timed_insulin,Postdinner insulin concentration,,,60,condition_summary,20,64,SEM,7,,,NS,µU/mL,,,graph_digitized,Gu_2020_primary; PDF p8; Figure 3D,Approximate means and SEM read from clear plotted markers/error bars; rounded to 1 µU/mL.
O0318,Gu_2020,Gu_2020_all,Gu_supportive,Gu_routine,earlier,,insulin,timed_insulin,Postdinner insulin concentration,,,120,condition_summary,20,51,SEM,7,,,NS,µU/mL,,,graph_digitized,Gu_2020_primary; PDF p8; Figure 3D,Approximate means and SEM read from clear plotted markers/error bars; rounded to 1 µU/mL.
O0319,Gu_2020,Gu_2020_all,Gu_supportive,Gu_late,later,,insulin,timed_insulin,Postdinner insulin concentration,,,120,condition_summary,20,51,SEM,8,,,NS,µU/mL,,,graph_digitized,Gu_2020_primary; PDF p8; Figure 3D,Approximate means and SEM read from clear plotted markers/error bars; rounded to 1 µU/mL.
O0320,Gu_2020,Gu_2020_all,Gu_supportive,Gu_routine,earlier,,insulin,timed_insulin,Postdinner insulin concentration,,,180,condition_summary,20,34,SEM,5,,,NS,µU/mL,,,graph_digitized,Gu_2020_primary; PDF p8; Figure 3D,Approximate means and SEM read from clear plotted markers/error bars; rounded to 1 µU/mL.
O0321,Gu_2020,Gu_2020_all,Gu_supportive,Gu_late,later,,insulin,timed_insulin,Postdinner insulin concentration,,,180,condition_summary,20,40,SEM,6,,,NS,µU/mL,,,graph_digitized,Gu_2020_primary; PDF p8; Figure 3D,Approximate means and SEM read from clear plotted markers/error bars; rounded to 1 µU/mL.
O0322,Gu_2020,Gu_2020_all,Gu_supportive,Gu_routine,earlier,,insulin,timed_insulin,Postdinner insulin concentration,,,240,condition_summary,20,20,SEM,3,,,<0.05,µU/mL,,,graph_digitized,Gu_2020_primary; PDF p8; Figure 3D,Approximate means and SEM read from clear plotted markers/error bars; rounded to 1 µU/mL.
O0323,Gu_2020,Gu_2020_all,Gu_supportive,Gu_late,later,,insulin,timed_insulin,Postdinner insulin concentration,,,240,condition_summary,20,29,SEM,5,,,<0.05,µU/mL,,,graph_digitized,Gu_2020_primary; PDF p8; Figure 3D,Approximate means and SEM read from clear plotted markers/error bars; rounded to 1 µU/mL.
O0324,Service_1983,Service_1983_all,Service_supportive,Service_large_08,earlier,large,insulin,timed_insulin,Large-meal integrated insulin response,integrated response,300,,condition_summary,6,165,SEM,49,,,NS,mU·L⁻¹·300 min⁻¹ (as printed),,,reported_text,Service_1983_primary; PDF pp2–3; Results and Figure 4,Figure 4 series; no significant time-of-day effect. Printed integrated unit retained.
O0325,Service_1983,Service_1983_all,Service_supportive,Service_large_13,later,large,insulin,timed_insulin,Large-meal integrated insulin response,integrated response,300,,condition_summary,6,215,SEM,52,,,NS,mU·L⁻¹·300 min⁻¹ (as printed),,,reported_text,Service_1983_primary; PDF pp2–3; Results and Figure 4,Figure 4 series; no significant time-of-day effect. Printed integrated unit retained.
O0326,Service_1983,Service_1983_all,Service_supportive,Service_large_18,later,large,insulin,timed_insulin,Large-meal integrated insulin response,integrated response,300,,condition_summary,6,213,SEM,53,,,NS,mU·L⁻¹·300 min⁻¹ (as printed),,,reported_text,Service_1983_primary; PDF pp2–3; Results and Figure 4,Figure 4 series; no significant time-of-day effect. Printed integrated unit retained.
O0327,Service_1983,Service_1983_all,Service_supportive,Service_large_08,earlier,large,insulin,insulin_secretion,Large-meal insulin secretion from C-peptide,,300,,condition_summary,6,5.6,SEM,1,,,NS,units,,,reported_text,Service_1983_primary; PDF pp2–3; Results and Figure 4,C-peptide model-derived secretion as reported; no significant time-of-day effect.
O0328,Service_1983,Service_1983_all,Service_supportive,Service_large_13,later,large,insulin,insulin_secretion,Large-meal insulin secretion from C-peptide,,300,,condition_summary,6,7.5,SEM,0.5,,,NS,units,,,reported_text,Service_1983_primary; PDF pp2–3; Results and Figure 4,C-peptide model-derived secretion as reported; no significant time-of-day effect.
O0329,Service_1983,Service_1983_all,Service_supportive,Service_large_18,later,large,insulin,insulin_secretion,Large-meal insulin secretion from C-peptide,,300,,condition_summary,6,7,SEM,0.9,,,NS,units,,,reported_text,Service_1983_primary; PDF pp2–3; Results and Figure 4,C-peptide model-derived secretion as reported; no significant time-of-day effect.
O0330,Service_1983,Service_1983_all,Service_supportive,,,,insulin,timed_insulin,Insulin response across all meal sizes,,300,,narrative_only,6,,,,,,NS,,no significant difference,,reported_text,"Service_1983_primary; PDF pp2–3; Results and Figures 1,3","Time of day did not significantly affect plasma insulin for small, medium or large meals. Large-meal numerical series extracted separately."
O0331,Haldar_2020,Haldar_2020_all,Haldar_supportive,Haldar_high_breakfast,earlier,high GI,glucose,glucose_auc,Subsequent-meal glucose iAUC,incremental,180,,condition_summary,34,140.7,SD,155.36,,,,not explicitly printed,,,reported_text,Haldar_2020_primary; PDF p6; Table 2,"Subsequent lunch after breakfast test meal versus next-breakfast after dinner test meal; contextual, not the index-meal contrast."
O0332,Haldar_2020,Haldar_2020_all,Haldar_supportive,Haldar_high_dinner,later,high GI,glucose,glucose_auc,Subsequent-meal glucose iAUC,incremental,180,,condition_summary,34,320.57,SD,151.72,,,,not explicitly printed,,,reported_text,Haldar_2020_primary; PDF p6; Table 2,"Subsequent lunch after breakfast test meal versus next-breakfast after dinner test meal; contextual, not the index-meal contrast."
O0333,Haldar_2020,Haldar_2020_all,Haldar_supportive,Haldar_low_breakfast,earlier,low GI,glucose,glucose_auc,Subsequent-meal glucose iAUC,incremental,180,,condition_summary,34,93.83,SD,156.48,,,,not explicitly printed,,,reported_text,Haldar_2020_primary; PDF p6; Table 2,"Subsequent lunch after breakfast test meal versus next-breakfast after dinner test meal; contextual, not the index-meal contrast."
O0334,Haldar_2020,Haldar_2020_all,Haldar_supportive,Haldar_low_dinner,later,low GI,glucose,glucose_auc,Subsequent-meal glucose iAUC,incremental,180,,condition_summary,34,225.52,SD,108.36,,,,not explicitly printed,,,reported_text,Haldar_2020_primary; PDF p6; Table 2,"Subsequent lunch after breakfast test meal versus next-breakfast after dinner test meal; contextual, not the index-meal contrast."
O0335,Haldar_2020,Haldar_2020_all,Haldar_supportive,Haldar_high_breakfast,earlier,high GI,insulin,insulin_auc,Subsequent-meal insulin iAUC,incremental,180,,condition_summary,34,2447.71,SD,1651.66,,,,not explicitly printed,,,reported_text,Haldar_2020_primary; PDF p6; Table 2,"Subsequent lunch after breakfast test meal versus next-breakfast after dinner test meal; contextual, not the index-meal contrast."
O0336,Haldar_2020,Haldar_2020_all,Haldar_supportive,Haldar_high_dinner,later,high GI,insulin,insulin_auc,Subsequent-meal insulin iAUC,incremental,180,,condition_summary,34,5684.67,SD,3420.26,,,,not explicitly printed,,,reported_text,Haldar_2020_primary; PDF p6; Table 2,"Subsequent lunch after breakfast test meal versus next-breakfast after dinner test meal; contextual, not the index-meal contrast."
O0337,Haldar_2020,Haldar_2020_all,Haldar_supportive,Haldar_low_breakfast,earlier,low GI,insulin,insulin_auc,Subsequent-meal insulin iAUC,incremental,180,,condition_summary,34,3454.72,SD,2338.81,,,,not explicitly printed,,,reported_text,Haldar_2020_primary; PDF p6; Table 2,"Subsequent lunch after breakfast test meal versus next-breakfast after dinner test meal; contextual, not the index-meal contrast."
O0338,Haldar_2020,Haldar_2020_all,Haldar_supportive,Haldar_low_dinner,later,low GI,insulin,insulin_auc,Subsequent-meal insulin iAUC,incremental,180,,condition_summary,34,5141.35,SD,2288.56,,,,not explicitly printed,,,reported_text,Haldar_2020_primary; PDF p6; Table 2,"Subsequent lunch after breakfast test meal versus next-breakfast after dinner test meal; contextual, not the index-meal contrast."
O0339,Haldar_2020,Haldar_2020_all,Haldar_overall_daypart,,,,insulin,timed_insulin,Overall test-meal insulin timing contrast,incremental,180,,model_contrast,34,865.96,,,,,<0.05,not explicitly printed,dinner minus breakfast,,reported_text,Haldar_2020_primary; PDF p6; Table 2,
O0340,Haldar_2020,Haldar_2020_all,Haldar_supportive,,,,glucose,glucose_auc,Overall subsequent-meal timing contrast,incremental,180,,model_contrast,34,155.78,,,,,<0.0001,not explicitly printed,after dinner minus after breakfast test meal,,reported_text,Haldar_2020_primary; PDF p6; Table 2,Different subsequent meal occasions; contextual result.
O0341,Haldar_2020,Haldar_2020_all,Haldar_supportive,,,,insulin,insulin_auc,Overall subsequent-meal timing contrast,incremental,180,,model_contrast,34,2462.41,,,,,<0.0001,not explicitly printed,after dinner minus after breakfast test meal,,reported_text,Haldar_2020_primary; PDF p6; Table 2,Different subsequent meal occasions; contextual result.
O0342,Garaulet_2022,Garaulet_2022_all,Garaulet_OGTT_all,,,MTNR1B all,glucose,glucose_auc,glucose AUC paired difference,incremental,120,,within_person_contrast,845,22.92,SD (paired difference),43.96,,,,mg×h/dL,late minus early,,reported_text,Garaulet_2022_primary; PDF p6; Table 2,"Table P values compare genotypes, not the within-person timing effect; not assigned to this contrast."
O0343,Garaulet_2022,Garaulet_2022_all,Garaulet_OGTT_CC,,,MTNR1B CC,glucose,glucose_auc,glucose AUC paired difference,incremental,120,,within_person_contrast,423,15.48,SD (paired difference),39.28,,,,mg×h/dL,late minus early,,reported_text,Garaulet_2022_primary; PDF p6; Table 2,"Table P values compare genotypes, not the within-person timing effect; not assigned to this contrast."
O0344,Garaulet_2022,Garaulet_2022_all,Garaulet_OGTT_CG,,,MTNR1B CG,glucose,glucose_auc,glucose AUC paired difference,incremental,120,,within_person_contrast,342,28.36,SD (paired difference),47.89,,,,mg×h/dL,late minus early,,reported_text,Garaulet_2022_primary; PDF p6; Table 2,"Table P values compare genotypes, not the within-person timing effect; not assigned to this contrast."
O0345,Garaulet_2022,Garaulet_2022_all,Garaulet_OGTT_GG,,,MTNR1B GG,glucose,glucose_auc,glucose AUC paired difference,incremental,120,,within_person_contrast,80,38.95,SD (paired difference),42.66,,,,mg×h/dL,late minus early,,reported_text,Garaulet_2022_primary; PDF p6; Table 2,"Table P values compare genotypes, not the within-person timing effect; not assigned to this contrast."
O0346,Garaulet_2022,Garaulet_2022_all,Garaulet_OGTT_all,,,MTNR1B all,insulin,insulin_auc,insulin AUC paired difference,incremental,120,,within_person_contrast,845,-6.58,SD (paired difference),53.71,,,,µU×h/mL,late minus early,,reported_text,Garaulet_2022_primary; PDF p6; Table 2,"Table P values compare genotypes, not the within-person timing effect; not assigned to this contrast."
O0347,Garaulet_2022,Garaulet_2022_all,Garaulet_OGTT_CC,,,MTNR1B CC,insulin,insulin_auc,insulin AUC paired difference,incremental,120,,within_person_contrast,423,-0.19,SD (paired difference),55.16,,,,µU×h/mL,late minus early,,reported_text,Garaulet_2022_primary; PDF p6; Table 2,"Table P values compare genotypes, not the within-person timing effect; not assigned to this contrast."
O0348,Garaulet_2022,Garaulet_2022_all,Garaulet_OGTT_CG,,,MTNR1B CG,insulin,insulin_auc,insulin AUC paired difference,incremental,120,,within_person_contrast,342,-12.67,SD (paired difference),52.36,,,,µU×h/mL,late minus early,,reported_text,Garaulet_2022_primary; PDF p6; Table 2,"Table P values compare genotypes, not the within-person timing effect; not assigned to this contrast."
O0349,Garaulet_2022,Garaulet_2022_all,Garaulet_OGTT_GG,,,MTNR1B GG,insulin,insulin_auc,insulin AUC paired difference,incremental,120,,within_person_contrast,80,-14.31,SD (paired difference),47.81,,,,µU×h/mL,late minus early,,reported_text,Garaulet_2022_primary; PDF p6; Table 2,"Table P values compare genotypes, not the within-person timing effect; not assigned to this contrast."
O0350,Garaulet_2022,Garaulet_2022_all,Garaulet_OGTT_all,,,MTNR1B all,glucose,timed_glucose,Postprandial glucose paired difference,,,30,within_person_contrast,845,3.84,SD (paired difference),26.37,,,,mg/dL,late minus early,,reported_text,Garaulet_2022_primary; PDF p6; Table 2,"Table P values compare genotypes, not the within-person timing effect; not assigned to this contrast."
O0351,Garaulet_2022,Garaulet_2022_all,Garaulet_OGTT_CC,,,MTNR1B CC,glucose,timed_glucose,Postprandial glucose paired difference,,,30,within_person_contrast,423,1.64,SD (paired difference),25.24,,,,mg/dL,late minus early,,reported_text,Garaulet_2022_primary; PDF p6; Table 2,"Table P values compare genotypes, not the within-person timing effect; not assigned to this contrast."
O0352,Garaulet_2022,Garaulet_2022_all,Garaulet_OGTT_CG,,,MTNR1B CG,glucose,timed_glucose,Postprandial glucose paired difference,,,30,within_person_contrast,342,4.59,SD (paired difference),26.65,,,,mg/dL,late minus early,,reported_text,Garaulet_2022_primary; PDF p6; Table 2,"Table P values compare genotypes, not the within-person timing effect; not assigned to this contrast."
O0353,Garaulet_2022,Garaulet_2022_all,Garaulet_OGTT_GG,,,MTNR1B GG,glucose,timed_glucose,Postprandial glucose paired difference,,,30,within_person_contrast,80,12.24,SD (paired difference),29.35,,,,mg/dL,late minus early,,reported_text,Garaulet_2022_primary; PDF p6; Table 2,"Table P values compare genotypes, not the within-person timing effect; not assigned to this contrast."
O0354,Garaulet_2022,Garaulet_2022_all,Garaulet_OGTT_all,,,MTNR1B all,glucose,timed_glucose,Postprandial glucose paired difference,,,120,within_person_contrast,845,20.36,SD (paired difference),53.54,,,,mg/dL,late minus early,,reported_text,Garaulet_2022_primary; PDF p6; Table 2,"Table P values compare genotypes, not the within-person timing effect; not assigned to this contrast."
O0355,Garaulet_2022,Garaulet_2022_all,Garaulet_OGTT_CC,,,MTNR1B CC,glucose,timed_glucose,Postprandial glucose paired difference,,,120,within_person_contrast,423,15.04,SD (paired difference),32.08,,,,mg/dL,late minus early,,reported_text,Garaulet_2022_primary; PDF p6; Table 2,"Table P values compare genotypes, not the within-person timing effect; not assigned to this contrast."
O0356,Garaulet_2022,Garaulet_2022_all,Garaulet_OGTT_CG,,,MTNR1B CG,glucose,timed_glucose,Postprandial glucose paired difference,,,120,within_person_contrast,342,23.67,SD (paired difference),36.79,,,,mg/dL,late minus early,,reported_text,Garaulet_2022_primary; PDF p6; Table 2,"Table P values compare genotypes, not the within-person timing effect; not assigned to this contrast."
O0357,Garaulet_2022,Garaulet_2022_all,Garaulet_OGTT_GG,,,MTNR1B GG,glucose,timed_glucose,Postprandial glucose paired difference,,,120,within_person_contrast,80,34.35,SD (paired difference),41.94,,,,mg/dL,late minus early,,reported_text,Garaulet_2022_primary; PDF p6; Table 2,"Table P values compare genotypes, not the within-person timing effect; not assigned to this contrast."
O0358,Garaulet_2022,Garaulet_2022_all,Garaulet_OGTT_all,,,MTNR1B all,insulin,timed_insulin,Postprandial insulin paired difference,,,30,within_person_contrast,845,-4.73,SD (paired difference),28.78,,,,µU/mL,late minus early,,reported_text,Garaulet_2022_primary; PDF p6; Table 2,"Table P values compare genotypes, not the within-person timing effect; not assigned to this contrast."
O0359,Garaulet_2022,Garaulet_2022_all,Garaulet_OGTT_CC,,,MTNR1B CC,insulin,timed_insulin,Postprandial insulin paired difference,,,30,within_person_contrast,423,-2.96,SD (paired difference),29.64,,,,µU/mL,late minus early,,reported_text,Garaulet_2022_primary; PDF p6; Table 2,"Table P values compare genotypes, not the within-person timing effect; not assigned to this contrast."
O0360,Garaulet_2022,Garaulet_2022_all,Garaulet_OGTT_CG,,,MTNR1B CG,insulin,timed_insulin,Postprandial insulin paired difference,,,30,within_person_contrast,342,-7.1,SD (paired difference),28.23,,,,µU/mL,late minus early,,reported_text,Garaulet_2022_primary; PDF p6; Table 2,"Table P values compare genotypes, not the within-person timing effect; not assigned to this contrast."
O0361,Garaulet_2022,Garaulet_2022_all,Garaulet_OGTT_GG,,,MTNR1B GG,insulin,timed_insulin,Postprandial insulin paired difference,,,30,within_person_contrast,80,-3.98,SD (paired difference),26.94,,,,µU/mL,late minus early,,reported_text,Garaulet_2022_primary; PDF p6; Table 2,"Table P values compare genotypes, not the within-person timing effect; not assigned to this contrast."
O0362,Lu_2022,Lu_2022_all,Lu_supportive,Lu_12S,earlier,no preload,glucose,glucose_auc,Capillary glucose iAUC,,120,,condition_summary,20,220,SEM,25,,,<0.05,mmol/L×min,,,graph_digitized,Lu_2022_primary; PDF p8; Figure 3B,"Approximate bar/SEM digitization, rounded to graph resolution. Figure AUC labels 0–120 min conflict with −30 to +90 min meal-relative sampling; peak-time origin retained as plotted. No paired precision inferred."
O0363,Lu_2022,Lu_2022_all,Lu_supportive,Lu_14S,later,no preload,glucose,glucose_auc,Capillary glucose iAUC,,120,,condition_summary,20,290,SEM,25,,,<0.05,mmol/L×min,,,graph_digitized,Lu_2022_primary; PDF p8; Figure 3B,"Approximate bar/SEM digitization, rounded to graph resolution. Figure AUC labels 0–120 min conflict with −30 to +90 min meal-relative sampling; peak-time origin retained as plotted. No paired precision inferred."
O0364,Lu_2022,Lu_2022_all,Lu_supportive,Lu_12S,earlier,no preload,glucose,peak_glucose,Capillary incremental glucose peak,,120,,condition_summary,20,3.9,SEM,0.3,,,<0.05,mmol/L,,,graph_digitized,Lu_2022_primary; PDF p8; Figure 3C,"Approximate bar/SEM digitization, rounded to graph resolution. Figure AUC labels 0–120 min conflict with −30 to +90 min meal-relative sampling; peak-time origin retained as plotted. No paired precision inferred."
O0365,Lu_2022,Lu_2022_all,Lu_supportive,Lu_14S,later,no preload,glucose,peak_glucose,Capillary incremental glucose peak,,120,,condition_summary,20,4.9,SEM,0.4,,,<0.05,mmol/L,,,graph_digitized,Lu_2022_primary; PDF p8; Figure 3C,"Approximate bar/SEM digitization, rounded to graph resolution. Figure AUC labels 0–120 min conflict with −30 to +90 min meal-relative sampling; peak-time origin retained as plotted. No paired precision inferred."
O0366,Lu_2022,Lu_2022_all,Lu_supportive,Lu_12S,earlier,no preload,insulin,insulin_auc,Insulin percent-change iAUC,,120,,condition_summary,20,60000,SEM,10000,,,<0.05,%×min,,,graph_digitized,Lu_2022_primary; PDF p8; Figure 3E,"Approximate bar/SEM digitization, rounded to graph resolution. Figure AUC labels 0–120 min conflict with −30 to +90 min meal-relative sampling; peak-time origin retained as plotted. No paired precision inferred."
O0367,Lu_2022,Lu_2022_all,Lu_supportive,Lu_14S,later,no preload,insulin,insulin_auc,Insulin percent-change iAUC,,120,,condition_summary,20,130000,SEM,25000,,,<0.05,%×min,,,graph_digitized,Lu_2022_primary; PDF p8; Figure 3E,"Approximate bar/SEM digitization, rounded to graph resolution. Figure AUC labels 0–120 min conflict with −30 to +90 min meal-relative sampling; peak-time origin retained as plotted. No paired precision inferred."
O0368,Lu_2022,Lu_2022_all,Lu_supportive,Lu_12S,earlier,no preload,insulin,peak_insulin,Insulin percent-change peak,,120,,condition_summary,20,1300,SEM,250,,,<0.05,%,,,graph_digitized,Lu_2022_primary; PDF p8; Figure 3F,"Approximate bar/SEM digitization, rounded to graph resolution. Figure AUC labels 0–120 min conflict with −30 to +90 min meal-relative sampling; peak-time origin retained as plotted. No paired precision inferred."
O0369,Lu_2022,Lu_2022_all,Lu_supportive,Lu_14S,later,no preload,insulin,peak_insulin,Insulin percent-change peak,,120,,condition_summary,20,2200,SEM,400,,,<0.05,%,,,graph_digitized,Lu_2022_primary; PDF p8; Figure 3F,"Approximate bar/SEM digitization, rounded to graph resolution. Figure AUC labels 0–120 min conflict with −30 to +90 min meal-relative sampling; peak-time origin retained as plotted. No paired precision inferred."
O0370,Lu_2022,Lu_2022_all,Lu_supportive,Lu_12S,earlier,no preload,glucose,peak_time,Glucose peak time,,,,condition_summary,20,71,SEM,4,,,NS,min,,,graph_digitized,Lu_2022_primary; PDF p8; Figure 4A,"Approximate bar/SEM digitization, rounded to graph resolution. Figure AUC labels 0–120 min conflict with −30 to +90 min meal-relative sampling; peak-time origin retained as plotted. No paired precision inferred."
O0371,Lu_2022,Lu_2022_all,Lu_supportive,Lu_14S,later,no preload,glucose,peak_time,Glucose peak time,,,,condition_summary,20,85,SEM,6,,,NS,min,,,graph_digitized,Lu_2022_primary; PDF p8; Figure 4A,"Approximate bar/SEM digitization, rounded to graph resolution. Figure AUC labels 0–120 min conflict with −30 to +90 min meal-relative sampling; peak-time origin retained as plotted. No paired precision inferred."
O0372,Lu_2022,Lu_2022_all,Lu_supportive,Lu_12S,earlier,no preload,insulin,peak_time,Insulin peak time,,,,condition_summary,20,76,SEM,6,,,<0.05,min,,,graph_digitized,Lu_2022_primary; PDF p8; Figure 4B,"Approximate bar/SEM digitization, rounded to graph resolution. Figure AUC labels 0–120 min conflict with −30 to +90 min meal-relative sampling; peak-time origin retained as plotted. No paired precision inferred."
O0373,Lu_2022,Lu_2022_all,Lu_supportive,Lu_14S,later,no preload,insulin,peak_time,Insulin peak time,,,,condition_summary,20,105,SEM,9,,,<0.05,min,,,graph_digitized,Lu_2022_primary; PDF p8; Figure 4B,"Approximate bar/SEM digitization, rounded to graph resolution. Figure AUC labels 0–120 min conflict with −30 to +90 min meal-relative sampling; peak-time origin retained as plotted. No paired precision inferred."
O0374,Lu_2022,Lu_2022_all,Lu_supportive,Lu_12S,earlier,no preload,insulin,insulin_sensitivity,Insulin sensitivity index,,,,condition_summary,20,7.5,SEM,0.6,,,<0.05,index,,,graph_digitized,Lu_2022_primary; PDF p8; Figure 4C,"Approximate bar/SEM digitization, rounded to graph resolution. Figure AUC labels 0–120 min conflict with −30 to +90 min meal-relative sampling; peak-time origin retained as plotted. No paired precision inferred."
O0375,Lu_2022,Lu_2022_all,Lu_supportive,Lu_14S,later,no preload,insulin,insulin_sensitivity,Insulin sensitivity index,,,,condition_summary,20,5.2,SEM,0.4,,,<0.05,index,,,graph_digitized,Lu_2022_primary; PDF p8; Figure 4C,"Approximate bar/SEM digitization, rounded to graph resolution. Figure AUC labels 0–120 min conflict with −30 to +90 min meal-relative sampling; peak-time origin retained as plotted. No paired precision inferred."
O0376,Lu_2022,Lu_2022_all,Lu_supportive,Lu_12S,earlier,no preload,insulin,insulin_sensitivity,HOMA-PP,,,,condition_summary,20,600,SEM,100,,,<0.05,index,,,graph_digitized,Lu_2022_primary; PDF p8; Figure 4D,"Approximate bar/SEM digitization, rounded to graph resolution. Figure AUC labels 0–120 min conflict with −30 to +90 min meal-relative sampling; peak-time origin retained as plotted. No paired precision inferred."
O0377,Lu_2022,Lu_2022_all,Lu_supportive,Lu_14S,later,no preload,insulin,insulin_sensitivity,HOMA-PP,,,,condition_summary,20,1800,SEM,400,,,<0.05,index,,,graph_digitized,Lu_2022_primary; PDF p8; Figure 4D,"Approximate bar/SEM digitization, rounded to graph resolution. Figure AUC labels 0–120 min conflict with −30 to +90 min meal-relative sampling; peak-time origin retained as plotted. No paired precision inferred."
O0378,Sato_2011,Sato_2011_all,Sato_supportive,Sato_normal,earlier,,glucose,timed_glucose,Next-morning fasting glucose,,,0,condition_summary,10,74,SEM,2,,,0.231,mg/dL,,,reported_text,Sato_2011_primary; PDF p5; Results,
O0379,Sato_2011,Sato_2011_all,Sato_supportive,Sato_late,later,,glucose,timed_glucose,Next-morning fasting glucose,,,0,condition_summary,10,77,SEM,3,,,0.231,mg/dL,,,reported_text,Sato_2011_primary; PDF p5; Results,
O0380,Pizinger_2018,Pizinger_2018_all,Pizinger_supportive,Piz_NsNm,earlier,sleep timing: normal,insulin,insulin_sensitivity,MTT Matsuda index,,,,condition_summary,6,5.67,SD,2.65,,,0.18 (meal main effect),index,,,reported_text,Pizinger_2018_primary; PDF p3; Results,n=5 for late sleep/late meal; otherwise n=6; log2-transformed analysis.
O0381,Pizinger_2018,Pizinger_2018_all,Pizinger_supportive,Piz_LsNm,earlier,sleep timing: late,insulin,insulin_sensitivity,MTT Matsuda index,,,,condition_summary,6,4.72,SD,0.86,,,0.18 (meal main effect),index,,,reported_text,Pizinger_2018_primary; PDF p3; Results,n=5 for late sleep/late meal; otherwise n=6; log2-transformed analysis.
O0382,Pizinger_2018,Pizinger_2018_all,Pizinger_supportive,Piz_NsLm,later,sleep timing: normal,insulin,insulin_sensitivity,MTT Matsuda index,,,,condition_summary,6,5,SD,2.69,,,0.18 (meal main effect),index,,,reported_text,Pizinger_2018_primary; PDF p3; Results,n=5 for late sleep/late meal; otherwise n=6; log2-transformed analysis.
O0383,Pizinger_2018,Pizinger_2018_all,Pizinger_supportive,Piz_LsLm,later,sleep timing: late,insulin,insulin_sensitivity,MTT Matsuda index,,,,condition_summary,5,3.87,SD,1.2,,,0.18 (meal main effect),index,,,reported_text,Pizinger_2018_primary; PDF p3; Results,n=5 for late sleep/late meal; otherwise n=6; log2-transformed analysis.
O0384,Enomoto_2026,Enomoto_2026_all,Enomoto_supportive,Enomoto_5h,earlier,,insulin,insulin_sensitivity,Next-day HOMA-IR,,,,condition_summary,13,1.48,SD,0.72,,,0.08,index,,,reported_text,Enomoto_2026_primary; PDF p7; Table 4,"Supportive next-day OGTT/fasting index, not index-dinner insulin AUC."
O0385,Enomoto_2026,Enomoto_2026_all,Enomoto_supportive,Enomoto_1h,later,,insulin,insulin_sensitivity,Next-day HOMA-IR,,,,condition_summary,13,1.77,SD,0.61,,,0.08,index,,,reported_text,Enomoto_2026_primary; PDF p7; Table 4,"Supportive next-day OGTT/fasting index, not index-dinner insulin AUC."
O0386,Enomoto_2026,Enomoto_2026_all,Enomoto_supportive,Enomoto_5h,earlier,,insulin,insulin_secretion,Next-day HOMA-beta,,,,condition_summary,13,111.08,SD,48.35,,,0.563,%,,,reported_text,Enomoto_2026_primary; PDF p7; Table 4,"Supportive next-day OGTT/fasting index, not index-dinner insulin AUC."
O0387,Enomoto_2026,Enomoto_2026_all,Enomoto_supportive,Enomoto_1h,later,,insulin,insulin_secretion,Next-day HOMA-beta,,,,condition_summary,13,118.81,SD,40.41,,,0.563,%,,,reported_text,Enomoto_2026_primary; PDF p7; Table 4,"Supportive next-day OGTT/fasting index, not index-dinner insulin AUC."
O0388,Enomoto_2026,Enomoto_2026_all,Enomoto_supportive,Enomoto_5h,earlier,,insulin,insulin_secretion,Next-day Insulinogenic index,,,,condition_summary,13,1.28,SD,0.71,,,0.648,index,,,reported_text,Enomoto_2026_primary; PDF p7; Table 4,"Supportive next-day OGTT/fasting index, not index-dinner insulin AUC."
O0389,Enomoto_2026,Enomoto_2026_all,Enomoto_supportive,Enomoto_1h,later,,insulin,insulin_secretion,Next-day Insulinogenic index,,,,condition_summary,13,1.22,SD,0.65,,,0.648,index,,,reported_text,Enomoto_2026_primary; PDF p7; Table 4,"Supportive next-day OGTT/fasting index, not index-dinner insulin AUC."
O0390,Bravo_Garcia_2024,Bravo_Garcia_2024_T2D,Bravo_Garcia_supportive,,,,glucose,cgm_postprandial,24-h glucose iAUC,,1440,,narrative_only,11,,,,,,NS,,no significant difference,,reported_text,Bravo_Garcia_2024_primary; PDF pp4–5; Results and Figure 3,"No significant difference among early, mid and delayed breakfast without exercise; condition summaries presented graphically."
O0391,Bravo_Garcia_2024,Bravo_Garcia_2024_T2D,Bravo_Garcia_supportive,,,,glucose,cgm_postprandial,Fasting glucose at 06:00,,,,narrative_only,11,,,,,,NS,,no significant difference,,reported_text,Bravo_Garcia_2024_primary; PDF pp4–5; Results and Figure 3,"No significant difference among early, mid and delayed breakfast without exercise; condition summaries presented graphically."
O0392,Sulaimani_2025,Sulaimani_2025_all,Sulaimani_overall,,,overall,glucose,glucose_auc,glucose iAUC paired difference,incremental,180,,within_person_contrast,14,182.978214285714,SD (paired difference),138.498935189008,103.011309888361,262.945118683068,,mmol/L x min (source-inferred),evening minus morning,,derived,"Sulaimani_2025; author-provided iAUC-glucose worksheet; PDF p6, Figure 3B",Mean participant-level paired difference; SE=SD_difference/sqrt(14); 95% CI uses t(13). Overall averages both rice conditions within each participant. Raw participant data not redistributed.
O0393,Sulaimani_2025,Sulaimani_2025_all,Sulaimani_control,,,control,glucose,glucose_auc,glucose iAUC paired difference,incremental,180,,within_person_contrast,14,163.607857142857,SD (paired difference),159.962543845478,71.2482340642237,255.967480221491,,mmol/L x min (source-inferred),evening minus morning,,derived,"Sulaimani_2025; author-provided iAUC-glucose worksheet; PDF p6, Figure 3B",Mean participant-level paired difference; SE=SD_difference/sqrt(14); 95% CI uses t(13). Overall averages both rice conditions within each participant. Raw participant data not redistributed.
O0394,Sulaimani_2025,Sulaimani_2025_all,Sulaimani_GTE,,,GTE,glucose,glucose_auc,glucose iAUC paired difference,incremental,180,,within_person_contrast,14,202.348571428571,SD (paired difference),155.720594451292,112.438177011518,292.258965845624,,mmol/L x min (source-inferred),evening minus morning,,derived,"Sulaimani_2025; author-provided iAUC-glucose worksheet; PDF p6, Figure 3B",Mean participant-level paired difference; SE=SD_difference/sqrt(14); 95% CI uses t(13). Overall averages both rice conditions within each participant. Raw participant data not redistributed.
